plan_id,agent_version,total_revenue,net_profit,profit_margin,aesthetic_score,logic_score,is_converted,created_at
6c0e5155,v1-balanced,16385,3551.31,0.2167,7.39,9.75,False,2026-02-01 04:38:31
0b420729,v2-aesthetic-first,17233,2308.87,0.134,8.21,4.5,True,2026-01-24 09:53:18
815d933c,v3-profit-seeker,3039,983.68,0.3237,5.71,9.78,True,2026-01-23 19:46:09
01683d69,v1-balanced,18029,4208.84,0.2334,5.79,9.64,False,2026-01-22 07:29:01
10e1f5ba,v1-balanced,15969,2918.49,0.1828,8.4,9.57,True,2026-02-07 23:13:28
92e2f573,v3-profit-seeker,15232,5746.5,0.3773,4.93,5.94,False,2026-01-13 00:47:33
2acc2cfe,v3-profit-seeker,15150,4772.7,0.315,5.94,8.02,False,2026-01-28 12:53:29
3704ffaf,v2-aesthetic-first,17681,1788.59,0.1012,6.91,9.49,True,2026-01-23 06:09:16
2d6490ac,v1-balanced,8737,1773.74,0.203,6.74,8.45,False,2026-01-24 23:49:10
fc2ec391,v2-aesthetic-first,15122,1244.72,0.0823,7.78,8.17,True,2026-02-01 01:41:54
dc4500b8,v3-profit-seeker,16961,5064.53,0.2986,6.11,8.92,False,2026-01-12 17:32:37
de7f4ec7,v2-aesthetic-first,7352,795.34,0.1082,7.33,9.3,True,2026-01-11 10:57:56
b450050d,v3-profit-seeker,19215,7285.63,0.3792,3.56,9.19,False,2026-01-19 13:19:13
ea65514e,v2-aesthetic-first,6352,548.03,0.0863,8.02,9.39,False,2026-01-24 23:09:22
e6730eca,v1-balanced,4365,799.38,0.1831,7.04,8.02,False,2026-01-27 06:52:38
394bab3a,v1-balanced,13805,2985.19,0.2162,7.34,9.09,False,2026-01-09 16:13:36
a1c03df6,v2-aesthetic-first,17604,2137.26,0.1214,7.9,6.85,False,2026-02-03 15:47:35
ca65f126,v2-aesthetic-first,12871,643.55,0.05,10.0,9.54,False,2026-01-30 03:01:22
332eeedd,v1-balanced,14063,3370.4,0.2397,6.11,5.77,True,2026-02-04 15:02:29
3fb328b0,v3-profit-seeker,13422,5863.15,0.4368,2.34,6.0,False,2026-02-01 19:06:02
ab3dd9d4,v3-profit-seeker,4154,1306.32,0.3145,5.52,9.97,False,2026-02-06 06:17:47
442104b3,v3-profit-seeker,3990,1126.22,0.2823,5.95,8.22,False,2026-01-10 07:12:31
b69fdb85,v2-aesthetic-first,17851,1818.72,0.1019,8.19,5.55,True,2026-01-01 17:31:05
f8f9e3ee,v2-aesthetic-first,13553,964.38,0.0712,8.48,9.8,False,2026-01-19 22:01:47
7e6da37c,v1-balanced,16574,2931.9,0.1769,7.94,9.98,True,2026-01-18 18:01:29
930a529d,v1-balanced,14653,2280.17,0.1556,7.7,6.75,False,2026-01-06 03:26:07
b7fb2411,v2-aesthetic-first,15303,765.15,0.05,7.97,9.76,False,2026-01-21 13:44:16
f79fc4c0,v2-aesthetic-first,11084,554.2,0.05,8.93,9.97,True,2026-02-01 02:47:40
cd040331,v3-profit-seeker,8262,2576.83,0.3119,5.71,8.61,False,2026-01-12 22:47:18
d8c46b45,v3-profit-seeker,7131,2440.75,0.3423,5.25,8.04,False,2026-01-16 23:51:34
87522874,v3-profit-seeker,3669,1187.32,0.3236,5.91,7.08,False,2026-01-18 17:17:21
7451d05e,v1-balanced,4993,1271.43,0.2546,7.61,6.51,True,2026-02-06 14:58:13
3de8038a,v1-balanced,10586,2363.05,0.2232,6.8,5.08,True,2026-01-20 20:06:07
863a0bc1,v2-aesthetic-first,12008,793.48,0.0661,8.43,9.94,False,2026-01-16 06:57:21
add17523,v1-balanced,14111,1737.1,0.1231,8.23,6.82,False,2026-01-08 16:32:03
7f23d1d6,v2-aesthetic-first,7780,419.55,0.0539,10.0,9.98,True,2026-02-01 01:00:11
5fccbeb7,v2-aesthetic-first,17359,922.21,0.0531,8.75,1.59,True,2026-01-22 23:43:37
017c4735,v3-profit-seeker,8418,3151.87,0.3744,5.02,9.82,False,2026-01-15 16:39:37
fcf91a93,v3-profit-seeker,16741,4586.49,0.274,7.66,9.58,False,2026-02-03 18:16:18
09a5d93b,v1-balanced,14682,2331.65,0.1588,8.26,8.77,False,2026-01-03 05:07:53
408951fd,v3-profit-seeker,15589,4196.9,0.2692,6.02,9.98,False,2026-01-26 11:04:30
cde5ba8b,v3-profit-seeker,14647,4034.36,0.2754,7.25,8.23,True,2026-02-04 05:34:12
5f270624,v1-balanced,14044,1628.86,0.116,9.09,8.94,False,2026-02-05 20:54:00
cb04cfda,v2-aesthetic-first,4897,244.85,0.05,10.0,5.15,True,2026-01-23 13:16:47
49830582,v2-aesthetic-first,14824,1439.84,0.0971,9.12,8.75,False,2026-01-02 23:53:14
e876820c,v2-aesthetic-first,8137,524.34,0.0644,8.69,9.1,False,2026-02-01 16:09:24
a640e811,v2-aesthetic-first,4977,259.15,0.0521,8.4,7.12,False,2026-01-29 05:38:06
3161cf0e,v1-balanced,15502,2884.54,0.1861,7.77,7.26,True,2026-02-04 09:52:05
1fec6deb,v1-balanced,9677,2341.6,0.242,6.19,9.9,False,2026-02-01 15:54:17
82d148b0,v1-balanced,3330,630.33,0.1893,7.97,9.49,False,2026-01-27 18:30:20
415da6d1,v2-aesthetic-first,14574,814.54,0.0559,9.43,7.65,False,2026-01-09 08:13:34
100f7eb1,v1-balanced,8454,1385.58,0.1639,8.3,8.24,False,2026-02-08 01:09:24
064c0f82,v1-balanced,5303,997.83,0.1882,8.06,4.43,False,2026-02-01 04:20:16
03cb08ab,v1-balanced,14364,4191.23,0.2918,6.22,8.11,False,2026-01-05 10:02:45
291c0ca9,v1-balanced,10023,1867.19,0.1863,7.8,9.55,False,2026-01-30 00:14:09
fa60b448,v1-balanced,8895,1658.81,0.1865,8.04,7.61,False,2026-02-08 23:13:15
6f7f57cf,v2-aesthetic-first,7198,441.08,0.0613,7.03,7.91,False,2026-01-16 13:28:38
f0a334a6,v2-aesthetic-first,12019,777.34,0.0647,7.79,9.25,False,2026-02-05 09:13:54
a3298049,v2-aesthetic-first,19229,2300.4,0.1196,8.01,7.68,True,2026-01-15 01:55:05
beeb0acc,v3-profit-seeker,13687,4448.79,0.325,5.51,7.46,True,2026-02-05 03:56:32
7213d39f,v3-profit-seeker,6029,1865.37,0.3094,7.24,8.91,False,2026-01-27 03:28:13
3b9301a0,v2-aesthetic-first,10003,663.73,0.0664,9.17,9.84,True,2026-01-09 04:02:06
1f8583ec,v1-balanced,8729,1207.17,0.1383,8.03,9.95,False,2026-02-09 05:06:18
a4e10ae3,v3-profit-seeker,6439,1838.5,0.2855,6.59,8.71,False,2026-01-11 21:38:39
c401d9ea,v3-profit-seeker,14904,5070.27,0.3402,4.03,9.51,False,2026-01-18 13:20:46
c5b024d4,v2-aesthetic-first,12361,946.21,0.0765,9.24,8.32,True,2026-01-10 03:55:00
69115c43,v2-aesthetic-first,13337,1103.53,0.0827,8.55,9.97,True,2026-02-10 04:37:26
9dc8d9d9,v2-aesthetic-first,19388,2488.42,0.1283,8.79,8.43,False,2026-01-24 23:23:28
b4cbe8e4,v1-balanced,15523,2213.66,0.1426,7.64,9.95,False,2026-01-17 15:36:54
d7c41c3c,v3-profit-seeker,4927,1892.9,0.3842,2.76,9.45,False,2026-02-01 16:09:25
7b2b698b,v3-profit-seeker,13339,4652.16,0.3488,5.09,9.81,True,2026-01-15 14:17:34
5f416ebb,v3-profit-seeker,8149,2142.98,0.263,6.73,9.89,True,2026-01-30 23:05:10
20974dc8,v1-balanced,13499,2875.78,0.213,6.8,9.47,False,2026-01-27 21:57:32
5df1c53f,v3-profit-seeker,6642,2088.53,0.3144,5.96,9.94,False,2026-02-04 04:53:22
ff50ca08,v3-profit-seeker,15211,6378.8,0.4194,4.4,8.14,False,2026-02-04 00:44:46
27472662,v1-balanced,5929,1370.55,0.2312,6.07,5.48,False,2026-01-28 18:12:24
47da07aa,v3-profit-seeker,19181,6745.88,0.3517,4.99,6.39,False,2026-01-20 10:15:26
9062abff,v1-balanced,11812,2073.75,0.1756,7.45,9.77,False,2026-01-29 11:49:56
689ec333,v3-profit-seeker,4729,1098.84,0.2324,7.02,8.51,True,2026-01-21 08:00:53
0b05f438,v2-aesthetic-first,6649,727.25,0.1094,8.69,8.85,True,2026-01-20 10:18:45
38231694,v1-balanced,6868,1356.32,0.1975,7.57,9.93,False,2026-01-30 07:00:15
423bdeb3,v1-balanced,18474,3538.56,0.1915,7.77,9.2,False,2026-01-06 14:02:08
e8b8f768,v3-profit-seeker,15366,4981.59,0.3242,5.15,9.75,True,2026-02-07 13:41:25
fed9107b,v1-balanced,9594,1223.07,0.1275,7.63,8.07,False,2026-02-02 16:41:00
77da787d,v1-balanced,18233,3604.53,0.1977,7.23,9.19,True,2026-01-04 18:46:16
22f2cffd,v1-balanced,13802,2607.01,0.1889,6.84,9.23,False,2026-01-17 09:36:08
6e5c389f,v2-aesthetic-first,14382,735.54,0.0511,8.3,8.64,True,2026-01-25 15:39:19
c58720ed,v3-profit-seeker,6055,2177.34,0.3596,4.36,9.33,False,2026-01-20 17:33:04
b4595b89,v2-aesthetic-first,16399,1358.56,0.0828,7.83,4.26,True,2026-01-22 10:34:45
24d70c3c,v3-profit-seeker,15587,4178.81,0.2681,5.5,8.92,False,2026-01-10 12:30:37
4e7be4be,v1-balanced,16326,2464.41,0.151,8.06,8.55,True,2026-01-13 04:55:59
a37be311,v3-profit-seeker,17541,6096.5,0.3476,4.62,9.99,False,2026-01-11 11:37:09
1735c4ef,v2-aesthetic-first,6306,315.3,0.05,9.47,8.09,False,2026-02-08 08:21:54
e9df74ab,v1-balanced,4453,887.87,0.1994,6.85,8.52,False,2026-01-28 03:34:45
3f65e69a,v3-profit-seeker,8510,2236.31,0.2628,6.6,8.8,False,2026-01-16 18:01:40
65053a00,v1-balanced,3004,538.1,0.1791,7.41,8.51,False,2026-01-10 15:07:53
8b9a8cf3,v2-aesthetic-first,11427,928.39,0.0812,7.58,6.03,True,2026-01-01 21:08:34
019bb07c,v1-balanced,10768,2154.46,0.2001,7.33,8.91,False,2026-02-01 11:02:34
3f6c6df4,v1-balanced,14512,3459.1,0.2384,5.66,9.91,False,2026-01-20 19:56:13
8bc24faa,v3-profit-seeker,6224,2338.41,0.3757,4.92,6.93,False,2026-01-22 00:05:52
4656ddd1,v3-profit-seeker,19436,6830.79,0.3515,4.84,7.52,False,2026-01-07 23:41:21
757dc28e,v2-aesthetic-first,5209,260.45,0.05,9.2,6.25,False,2026-01-18 17:22:59
adffa7db,v2-aesthetic-first,17720,2176.79,0.1228,7.48,5.68,True,2026-01-11 19:58:08
21a9c544,v3-profit-seeker,5521,1582.44,0.2866,6.41,7.6,False,2026-01-14 17:25:16
a5836203,v2-aesthetic-first,12183,705.38,0.0579,8.73,9.06,False,2026-01-19 13:52:49
d6ade1ae,v3-profit-seeker,7959,2724.27,0.3423,5.48,9.96,False,2026-01-01 23:50:43
beb08619,v2-aesthetic-first,4302,271.18,0.063,8.78,7.43,False,2026-01-22 20:56:33
0921c9d5,v1-balanced,14325,2574.92,0.1797,7.85,6.05,False,2026-01-11 06:55:44
9a9dbed2,v2-aesthetic-first,6436,471.61,0.0733,9.0,9.92,False,2026-01-01 06:00:11
6bc05b7d,v2-aesthetic-first,14114,1200.01,0.085,8.53,9.79,False,2026-01-21 22:22:44
8b73d794,v1-balanced,11240,1932.14,0.1719,8.34,9.91,False,2026-01-22 18:40:41
93b7da83,v1-balanced,10666,2272.61,0.2131,8.23,9.1,False,2026-01-19 22:48:44
2a658257,v2-aesthetic-first,6685,334.25,0.05,8.33,9.06,False,2026-01-06 02:01:17
cfa487d4,v2-aesthetic-first,3941,262.66,0.0666,7.96,7.52,True,2026-01-26 06:09:01
8a94a46f,v1-balanced,11048,2442.2,0.2211,5.65,8.82,False,2026-01-30 12:28:08
f8966140,v2-aesthetic-first,4804,437.65,0.0911,8.25,6.86,False,2026-01-12 08:16:15
5f13c706,v1-balanced,4321,569.79,0.1319,8.29,7.38,False,2026-01-27 12:29:42
0c074669,v2-aesthetic-first,18008,1615.51,0.0897,8.57,9.74,True,2026-01-15 07:14:53
89968a99,v1-balanced,14528,2904.25,0.1999,7.46,9.8,True,2026-02-10 06:51:54
d6c2380d,v3-profit-seeker,14109,5285.16,0.3746,5.86,9.84,False,2026-01-13 10:41:20
17a816f7,v3-profit-seeker,4386,1593.25,0.3633,5.74,5.8,False,2026-01-08 21:24:50
23edf59d,v1-balanced,10727,2450.71,0.2285,7.36,9.09,True,2026-01-09 07:07:13
202fdf33,v1-balanced,13704,2716.65,0.1982,6.72,8.65,False,2026-01-01 21:11:07
269d4a61,v2-aesthetic-first,17950,897.5,0.05,9.54,9.72,True,2026-01-30 22:10:10
9a238c72,v3-profit-seeker,12792,4330.26,0.3385,5.54,8.73,False,2026-01-07 12:33:15
cd9e8af6,v3-profit-seeker,9776,2917.8,0.2985,5.37,5.5,False,2026-01-26 01:14:39
cc68410d,v2-aesthetic-first,13509,1065.86,0.0789,8.71,8.8,False,2026-02-05 08:43:37
175a116c,v2-aesthetic-first,9775,488.75,0.05,8.67,6.52,True,2026-01-12 20:12:45
a94f40a8,v2-aesthetic-first,14163,708.15,0.05,8.61,7.25,True,2026-01-28 09:49:33
6b922198,v2-aesthetic-first,13186,844.65,0.0641,9.99,7.52,True,2026-01-07 14:48:12
9b218ec9,v3-profit-seeker,10110,4518.33,0.4469,2.49,9.54,False,2026-01-06 03:56:48
3c933477,v3-profit-seeker,6609,1645.69,0.249,7.09,9.28,True,2026-01-22 03:56:20
d7d2f1fa,v3-profit-seeker,9646,3375.15,0.3499,5.75,8.01,False,2026-01-19 05:34:36
3330276b,v2-aesthetic-first,15601,2266.65,0.1453,7.83,8.99,False,2026-01-09 23:12:44
6bf5bb02,v1-balanced,3087,549.0,0.1778,7.19,9.73,False,2026-02-08 12:53:34
24a52621,v3-profit-seeker,19064,5151.69,0.2702,6.51,8.04,False,2026-01-26 11:06:52
cedbe654,v1-balanced,13484,2898.35,0.2149,6.61,8.63,False,2026-01-12 19:16:30
19a36b65,v2-aesthetic-first,15761,1460.84,0.0927,7.14,9.1,False,2026-01-16 23:36:01
c5c9b86b,v2-aesthetic-first,8842,625.89,0.0708,8.91,8.31,False,2026-01-14 15:36:02
86f5c13c,v3-profit-seeker,19474,6880.01,0.3533,6.01,6.93,False,2026-01-22 19:31:01
fe4fa333,v2-aesthetic-first,9862,493.1,0.05,9.41,7.12,False,2026-01-30 07:21:05
d7f4c5a8,v3-profit-seeker,3705,1284.69,0.3467,5.74,9.19,False,2026-02-06 19:28:05
2107b59f,v3-profit-seeker,10681,3236.83,0.303,6.6,7.96,False,2026-02-02 18:14:19
49e92229,v2-aesthetic-first,8233,469.03,0.057,8.25,8.9,False,2026-01-05 02:11:16
1d778cc9,v1-balanced,13045,2551.98,0.1956,7.75,8.35,True,2026-01-12 01:58:12
89ab1f78,v3-profit-seeker,18640,5984.56,0.3211,6.11,8.93,False,2026-01-08 21:53:26
29e680df,v1-balanced,11058,2230.45,0.2017,7.8,9.76,False,2026-02-01 19:50:58
3fc084ec,v2-aesthetic-first,8865,775.3,0.0875,7.26,9.79,False,2026-02-04 22:06:14
26c55fb6,v1-balanced,11083,2450.8,0.2211,6.62,8.48,True,2026-02-05 05:50:49
fb25839c,v3-profit-seeker,18964,5321.87,0.2806,6.3,6.03,True,2026-01-13 21:30:53
bff75e9e,v3-profit-seeker,3900,1349.68,0.3461,5.2,9.07,True,2026-01-17 21:42:58
2e48919d,v1-balanced,6815,944.5,0.1386,8.39,7.85,False,2026-01-24 16:37:50
dbb706b6,v2-aesthetic-first,10481,1561.31,0.149,7.98,2.5,True,2026-01-18 14:40:38
2b516a99,v1-balanced,9577,2099.13,0.2192,6.93,7.86,False,2026-01-03 11:47:06
7c567f64,v3-profit-seeker,10120,4042.72,0.3995,3.19,5.45,False,2026-01-17 16:24:41
4f153079,v2-aesthetic-first,3475,313.59,0.0902,8.78,8.69,False,2026-02-07 06:07:07
e7742c3c,v1-balanced,5277,1335.08,0.253,7.97,6.82,True,2026-02-03 12:39:20
21b64b14,v3-profit-seeker,10515,3606.89,0.343,5.81,5.64,True,2026-01-08 08:49:16
589a535a,v3-profit-seeker,7291,2901.33,0.3979,3.96,6.71,False,2026-01-24 05:38:55
94cff81b,v2-aesthetic-first,14435,1946.2,0.1348,7.82,9.33,True,2026-01-10 04:53:02
ec8ff856,v1-balanced,14757,2113.4,0.1432,7.0,9.73,False,2026-01-31 23:26:50
49e35c41,v3-profit-seeker,19332,7270.81,0.3761,3.2,9.18,False,2026-01-08 08:00:15
8424dfcc,v3-profit-seeker,5626,1983.24,0.3525,4.66,9.93,False,2026-01-17 10:02:41
eb5c36ed,v3-profit-seeker,12894,4431.19,0.3437,4.64,9.62,False,2026-02-07 05:46:17
3e8d4f38,v2-aesthetic-first,11060,1377.04,0.1245,8.68,7.27,True,2026-01-17 22:18:19
fc487bcb,v2-aesthetic-first,19271,2725.82,0.1414,8.32,8.11,False,2026-01-16 10:13:00
eddb018e,v1-balanced,8335,1276.49,0.1531,8.56,7.91,True,2026-01-03 01:15:36
ce35431e,v2-aesthetic-first,19855,992.75,0.05,8.96,9.13,True,2026-01-21 19:03:54
971d0328,v2-aesthetic-first,6677,782.33,0.1172,7.71,9.09,False,2026-02-08 13:09:58
10bc3c81,v3-profit-seeker,6134,2722.17,0.4438,2.15,8.25,False,2026-02-06 22:41:24
a8cb302a,v2-aesthetic-first,10510,943.9,0.0898,7.88,8.33,True,2026-02-07 15:34:46
da7c216f,v3-profit-seeker,19691,7117.49,0.3615,4.33,9.7,False,2026-02-03 09:57:53
244f06b0,v3-profit-seeker,19059,6461.84,0.339,5.18,7.08,False,2026-01-26 04:34:17
f111c03e,v2-aesthetic-first,10832,1145.98,0.1058,8.05,9.4,True,2026-02-08 12:50:41
b2c5b4ee,v3-profit-seeker,11321,3423.27,0.3024,5.86,8.85,True,2026-01-01 06:44:22
31ecf8de,v2-aesthetic-first,15475,952.89,0.0616,7.98,7.41,False,2026-01-06 16:41:19
899cf772,v1-balanced,7446,880.78,0.1183,7.65,9.99,False,2026-01-21 03:28:51
04eb1d54,v3-profit-seeker,19992,7226.66,0.3615,4.79,8.15,False,2026-01-29 06:33:38
1da01e54,v1-balanced,12455,2489.07,0.1998,7.73,8.36,True,2026-01-29 01:59:55
78f1d78e,v3-profit-seeker,3123,1241.23,0.3974,3.19,9.37,False,2026-01-13 09:52:50
1bde7fe4,v1-balanced,4961,914.65,0.1844,6.53,9.17,True,2026-02-03 22:55:29
ddc9902e,v2-aesthetic-first,13900,889.38,0.064,8.83,4.47,True,2026-02-06 13:42:45
a4fdbcbd,v3-profit-seeker,8657,2407.34,0.2781,6.17,8.24,False,2026-02-08 12:19:38
9529e0ae,v3-profit-seeker,5061,1749.47,0.3457,4.61,7.85,False,2026-02-03 22:16:52
b118bc9f,v1-balanced,7565,930.94,0.1231,7.9,7.03,True,2026-01-05 11:07:19
05748b5c,v3-profit-seeker,15833,6959.37,0.4395,1.71,5.99,False,2026-01-12 14:31:30
9c809bcd,v2-aesthetic-first,10550,684.29,0.0649,8.22,9.5,False,2026-01-23 10:25:13
99531b01,v3-profit-seeker,9546,3541.6,0.371,5.78,8.51,False,2026-02-08 23:45:41
6a8e0404,v1-balanced,5227,799.62,0.153,8.35,9.67,True,2026-01-06 12:38:13
f3584d91,v3-profit-seeker,3179,1186.54,0.3732,5.57,8.57,True,2026-01-26 02:58:31
b5e248a2,v2-aesthetic-first,8037,448.28,0.0558,8.3,8.95,True,2026-01-02 21:29:45
99efedf3,v2-aesthetic-first,13499,674.95,0.05,9.3,8.12,False,2026-01-29 04:52:26
9d16a521,v3-profit-seeker,17735,6125.39,0.3454,5.51,9.64,True,2026-02-04 06:08:53
62e8965e,v3-profit-seeker,16593,5222.52,0.3147,6.16,9.5,False,2026-01-27 22:56:17
3f2c30f1,v1-balanced,8906,1773.9,0.1992,6.44,6.27,False,2026-01-24 15:15:41
e26640ed,v2-aesthetic-first,8974,1262.45,0.1407,7.58,8.18,True,2026-01-06 13:32:39
7dd3a5b9,v1-balanced,8646,1648.5,0.1907,6.68,8.07,False,2026-01-11 21:48:58
9f458541,v2-aesthetic-first,7507,699.0,0.0931,8.11,9.69,False,2026-02-09 00:59:41
e55faebe,v3-profit-seeker,16561,5134.27,0.31,7.69,8.94,False,2026-01-22 13:07:27
8f92c3d7,v3-profit-seeker,13121,3769.8,0.2873,6.17,6.68,False,2026-01-28 23:21:22
413b4eeb,v1-balanced,3589,709.1,0.1976,8.16,9.85,False,2026-01-27 21:10:43
88f879da,v1-balanced,8618,2195.59,0.2548,6.25,9.16,False,2026-01-21 21:24:56
a9b77a17,v3-profit-seeker,11633,2856.42,0.2455,8.38,9.88,True,2026-02-04 11:15:06
82fd7f07,v3-profit-seeker,14175,5142.05,0.3628,5.51,9.62,False,2026-01-15 22:31:11
5c2cdcef,v2-aesthetic-first,7004,626.12,0.0894,8.17,9.88,True,2026-01-15 17:37:34
7b529040,v3-profit-seeker,16680,5182.87,0.3107,6.43,8.67,True,2026-01-02 06:13:22
f7df9396,v1-balanced,17631,3099.14,0.1758,7.22,7.84,False,2026-02-04 18:59:34
8142b909,v1-balanced,19551,4027.76,0.206,5.77,4.45,True,2026-02-10 13:39:50
01f62939,v2-aesthetic-first,9460,892.09,0.0943,7.52,6.16,False,2026-02-10 04:26:04
bfaf3cee,v2-aesthetic-first,3589,573.23,0.1597,7.61,9.23,True,2026-01-01 03:08:07
746f2ba8,v3-profit-seeker,13008,4693.71,0.3608,4.4,7.84,False,2026-01-01 10:07:24
11be5cbd,v1-balanced,8422,2151.99,0.2555,5.93,7.72,False,2026-01-26 20:00:42
9cea6aff,v1-balanced,8470,1664.61,0.1965,8.48,8.83,True,2026-01-09 02:20:25
f409d090,v1-balanced,12440,3114.9,0.2504,7.06,7.61,False,2026-01-06 19:42:24
724db168,v2-aesthetic-first,12169,1214.4,0.0998,8.47,9.42,True,2026-01-28 02:58:06
7b6ddadc,v1-balanced,14881,2971.16,0.1997,7.13,6.28,True,2026-01-25 20:10:29
ea52f1c1,v3-profit-seeker,14704,4606.04,0.3133,4.76,6.65,True,2026-01-31 01:41:12
d921483a,v2-aesthetic-first,19701,2599.31,0.1319,7.48,9.98,False,2026-01-13 02:54:21
2d986541,v1-balanced,13966,3117.99,0.2233,5.76,7.27,False,2026-01-06 16:31:58
c3b7c67c,v3-profit-seeker,12292,3240.01,0.2636,6.69,4.46,True,2026-01-15 15:25:12
f2d00c20,v2-aesthetic-first,10004,699.77,0.0699,9.07,9.13,False,2026-01-28 05:19:07
3abbf0fa,v2-aesthetic-first,12163,620.79,0.051,9.35,9.05,False,2026-01-21 08:55:45
01d26de8,v3-profit-seeker,4436,1404.08,0.3165,5.69,9.76,False,2026-01-26 11:12:59
70c4d223,v3-profit-seeker,4983,1544.29,0.3099,6.51,7.84,False,2026-01-16 15:18:17
e0e062da,v3-profit-seeker,15101,4325.16,0.2864,7.21,7.85,False,2026-01-30 04:58:24
b5ffbc62,v1-balanced,11943,2687.86,0.2251,6.54,6.65,True,2026-01-07 13:55:02
2e319ea6,v2-aesthetic-first,4545,431.11,0.0949,8.05,9.53,True,2026-01-02 14:12:56
abafab75,v3-profit-seeker,8233,3226.43,0.3919,4.27,7.7,False,2026-01-25 14:26:21
20c89cd5,v1-balanced,17668,2978.9,0.1686,7.72,7.22,False,2026-01-09 02:33:34
8f658126,v1-balanced,15983,2556.84,0.16,7.9,9.07,False,2026-01-02 01:21:39
0c2d0037,v1-balanced,15691,2598.29,0.1656,8.74,9.45,False,2026-01-29 18:36:26
4a8218c7,v1-balanced,11286,2198.28,0.1948,7.53,9.44,False,2026-02-06 13:30:48
2cb3cee9,v3-profit-seeker,10811,3141.82,0.2906,5.38,9.45,True,2026-01-19 21:52:47
a68536ea,v1-balanced,19176,4121.71,0.2149,7.94,7.4,False,2026-02-03 10:47:29
0ff97815,v2-aesthetic-first,18177,1043.19,0.0574,8.94,7.38,False,2026-02-01 19:31:36
d01fba13,v1-balanced,16431,3257.7,0.1983,6.47,7.74,False,2026-01-30 23:20:38
0d1d9ae8,v1-balanced,7232,1975.29,0.2731,6.61,9.34,False,2026-01-15 03:10:25
fcbc09c1,v3-profit-seeker,4628,1428.6,0.3087,7.01,8.55,False,2026-01-24 06:51:26
35331613,v1-balanced,9012,2190.35,0.243,6.61,8.72,False,2026-02-09 05:59:51
0f3131df,v3-profit-seeker,17027,5616.48,0.3299,5.46,6.76,False,2026-01-22 03:48:01
f2665727,v3-profit-seeker,5235,1522.66,0.2909,6.29,5.33,False,2026-01-18 02:27:12
8634d84c,v2-aesthetic-first,15568,1290.94,0.0829,8.27,8.95,False,2026-01-29 00:21:44
f74c86a1,v2-aesthetic-first,15314,1444.31,0.0943,9.05,8.81,True,2026-01-06 02:23:08
0514f5a6,v2-aesthetic-first,19915,1263.54,0.0634,8.27,8.83,True,2026-01-06 13:34:17
6e3de86b,v2-aesthetic-first,10202,510.1,0.05,9.79,9.05,False,2026-02-08 16:44:30
c5fdb6d9,v3-profit-seeker,3358,1121.6,0.334,6.04,8.05,True,2026-01-19 04:26:34
b052ce06,v2-aesthetic-first,14605,730.25,0.05,9.15,6.87,True,2026-02-10 02:59:03
9beda76b,v2-aesthetic-first,12035,601.75,0.05,9.48,9.36,True,2026-02-05 20:08:28
5092df3d,v1-balanced,17410,2996.15,0.1721,6.58,7.79,False,2026-01-18 02:42:26
92452377,v2-aesthetic-first,18477,1898.36,0.1027,8.25,7.77,False,2026-01-19 23:53:33
a71a7784,v3-profit-seeker,3783,1392.18,0.368,5.66,5.75,False,2026-01-20 04:08:38
b9677082,v2-aesthetic-first,8502,1404.34,0.1652,6.04,9.28,False,2026-01-24 14:39:24
eb22be72,v2-aesthetic-first,3190,223.79,0.0702,9.37,7.21,False,2026-01-11 13:06:28
eb89dc74,v1-balanced,19145,4265.32,0.2228,7.05,9.82,True,2026-01-22 21:32:57
ae5e9def,v1-balanced,8491,2037.29,0.2399,7.2,8.69,False,2026-01-30 13:25:10
975740af,v3-profit-seeker,12070,3761.81,0.3117,7.06,9.62,False,2026-01-02 00:53:04
faddbb8d,v3-profit-seeker,10419,3282.32,0.315,5.83,9.91,True,2026-01-16 07:48:14
2443cdfd,v3-profit-seeker,3094,994.1,0.3213,5.53,5.71,False,2026-01-24 22:30:33
577dda14,v1-balanced,6568,841.41,0.1281,8.31,7.67,False,2026-02-03 17:16:19
78e3b550,v3-profit-seeker,4224,1070.66,0.2535,7.22,9.16,True,2026-01-15 15:54:11
0cef5663,v2-aesthetic-first,10844,1277.69,0.1178,7.59,8.58,False,2026-01-29 01:47:36
63414f03,v2-aesthetic-first,13454,699.44,0.052,9.16,7.62,False,2026-02-05 17:56:26
a4daabd3,v3-profit-seeker,19396,5426.4,0.2798,6.17,9.75,False,2026-01-22 20:12:07
49aff45f,v2-aesthetic-first,8917,766.08,0.0859,8.11,4.33,False,2026-01-15 00:55:30
062a979a,v2-aesthetic-first,19461,2039.83,0.1048,8.13,8.59,True,2026-02-09 09:56:13
b2f73d89,v2-aesthetic-first,10741,537.05,0.05,9.16,7.63,True,2026-01-14 11:10:06
cea17f1c,v3-profit-seeker,7142,1980.29,0.2773,6.79,5.28,False,2026-01-31 12:07:44
1eaee443,v1-balanced,19274,2212.8,0.1148,7.95,7.06,False,2026-01-06 00:11:00
aa4d92d7,v2-aesthetic-first,17752,3110.41,0.1752,8.09,6.59,False,2026-01-17 12:59:12
52b2bf3e,v2-aesthetic-first,9775,488.75,0.05,8.93,9.89,False,2026-01-04 22:45:34
41f2bbf9,v1-balanced,13742,2864.26,0.2084,6.83,7.55,False,2026-02-03 05:03:03
8b5773be,v3-profit-seeker,9957,4179.46,0.4198,4.0,9.47,False,2026-01-19 00:14:20
be57a28f,v3-profit-seeker,8196,2312.73,0.2822,5.77,9.41,False,2026-01-02 01:21:04
559afa56,v2-aesthetic-first,10042,916.83,0.0913,8.51,8.34,False,2026-01-12 00:23:25
4784d666,v3-profit-seeker,14635,5413.87,0.3699,5.1,6.94,True,2026-01-13 21:14:23
337b93af,v3-profit-seeker,7371,2466.54,0.3346,5.59,7.58,True,2026-01-14 04:32:37
b0355b19,v1-balanced,16743,3004.36,0.1794,8.35,9.65,False,2026-01-12 08:02:40
808fb05a,v2-aesthetic-first,12821,1033.59,0.0806,9.75,7.87,False,2026-01-08 12:16:02
c39135fb,v1-balanced,3474,624.95,0.1799,8.04,9.93,False,2026-01-06 01:14:17
b762a7f9,v1-balanced,7865,1932.03,0.2456,6.03,8.95,False,2026-02-01 14:18:38
0f181732,v2-aesthetic-first,11224,797.25,0.071,8.74,8.02,True,2026-01-06 10:38:20
3d847c88,v2-aesthetic-first,19819,1853.18,0.0935,9.12,9.38,False,2026-01-25 23:44:15
835013c2,v1-balanced,17490,1905.45,0.1089,7.82,9.1,False,2026-01-30 21:58:32
d795e796,v1-balanced,10428,2343.93,0.2248,5.93,8.06,False,2026-01-20 13:05:28
30476e96,v2-aesthetic-first,15081,1538.09,0.102,8.12,6.59,True,2026-01-04 18:29:44
f8d1c719,v2-aesthetic-first,11974,598.7,0.05,9.19,5.08,True,2026-01-26 16:59:45
0c64c46d,v1-balanced,12718,2480.34,0.195,7.3,5.56,True,2026-01-31 12:18:44
f35cb63a,v2-aesthetic-first,15735,817.04,0.0519,9.83,8.5,True,2026-01-01 03:25:29
d04ebfcd,v1-balanced,4583,713.77,0.1557,7.84,9.32,False,2026-01-26 20:12:45
804ad147,v2-aesthetic-first,8826,512.84,0.0581,9.06,9.96,False,2026-01-22 04:23:31
0a841e74,v3-profit-seeker,10293,3062.96,0.2976,6.95,9.31,False,2026-01-02 08:27:39
86f6a5cd,v3-profit-seeker,15650,4325.25,0.2764,5.8,9.36,False,2026-01-11 01:00:34
9f8a856b,v1-balanced,13724,2498.89,0.1821,7.92,7.95,False,2026-01-09 00:43:31
b5dea24b,v1-balanced,18679,2869.2,0.1536,8.27,7.12,False,2026-01-29 11:58:08
b21eb773,v3-profit-seeker,18178,7233.74,0.3979,3.39,9.99,True,2026-02-04 04:19:00
3dc12b88,v1-balanced,13227,2053.92,0.1553,7.56,8.09,False,2026-01-18 19:31:12
aabd8b1f,v1-balanced,10345,2518.63,0.2435,5.66,8.29,False,2026-02-02 17:45:38
8b4fb56e,v3-profit-seeker,13894,5014.94,0.3609,5.64,8.83,False,2026-01-03 20:03:45
f7a502fc,v2-aesthetic-first,4946,340.34,0.0688,8.7,9.0,False,2026-01-11 15:08:56
75b420ac,v3-profit-seeker,3970,1194.43,0.3009,5.26,9.85,False,2026-01-23 23:13:15
09e4f34b,v1-balanced,6437,1441.73,0.224,5.95,7.06,False,2026-01-03 09:07:12
e7d1cf18,v1-balanced,13402,3533.39,0.2636,5.83,8.96,True,2026-02-04 21:29:33
0f97ddf9,v1-balanced,4852,1040.18,0.2144,7.29,7.84,True,2026-01-23 06:18:17
599a20e8,v2-aesthetic-first,11148,1156.65,0.1038,8.15,9.14,True,2026-01-01 09:52:44
1885f820,v2-aesthetic-first,9773,488.65,0.05,9.08,7.34,False,2026-01-05 05:58:45
75148cb1,v2-aesthetic-first,4364,535.49,0.1227,6.92,9.53,True,2026-02-06 13:21:19
c4692bcf,v3-profit-seeker,6495,2078.51,0.32,5.22,5.67,True,2026-01-06 13:51:32
cb3c8209,v1-balanced,12728,2546.17,0.2,7.2,10.0,False,2026-01-11 13:12:05
429d0de4,v3-profit-seeker,14441,4855.16,0.3362,5.6,6.87,False,2026-01-10 21:16:28
b0b67499,v1-balanced,18885,3934.48,0.2083,7.69,9.4,False,2026-01-03 10:40:27
fd6a6323,v3-profit-seeker,7496,2421.2,0.323,4.57,7.0,False,2026-01-15 10:06:36
722a63f3,v3-profit-seeker,7982,2336.53,0.2927,7.43,7.98,False,2026-02-06 10:29:09
74edbff1,v3-profit-seeker,19330,4997.23,0.2585,6.41,8.85,False,2026-01-01 14:33:55
eee6043f,v2-aesthetic-first,13974,1388.44,0.0994,7.76,9.38,False,2026-02-10 08:03:47
dad02490,v2-aesthetic-first,3855,373.16,0.0968,7.22,4.53,False,2026-02-02 14:09:49
f5004c22,v2-aesthetic-first,17579,878.95,0.05,8.91,8.69,True,2026-01-08 03:31:46
8a5a013b,v2-aesthetic-first,6761,433.74,0.0642,8.49,8.98,True,2026-01-07 21:40:48
2a4ff830,v2-aesthetic-first,14791,1560.72,0.1055,7.33,8.11,False,2026-02-04 13:59:19
fcdb1f54,v2-aesthetic-first,7062,835.1,0.1183,7.88,6.63,True,2026-02-05 19:36:36
8331fcb0,v1-balanced,9853,2553.27,0.2591,6.86,8.88,False,2026-01-06 14:11:29
4018cd08,v2-aesthetic-first,17132,2389.54,0.1395,8.09,9.05,True,2026-01-04 23:16:02
8956f38a,v2-aesthetic-first,7630,658.69,0.0863,7.89,9.39,False,2026-02-05 05:03:31
fd2e84c3,v1-balanced,4570,676.77,0.1481,9.35,5.52,False,2026-01-23 23:13:01
89385ba8,v1-balanced,18014,4267.22,0.2369,5.76,9.74,False,2026-02-10 09:41:51
10192200,v1-balanced,12981,2441.48,0.1881,6.84,6.8,False,2026-01-28 06:14:18
bf095f1a,v1-balanced,7776,1317.38,0.1694,7.38,3.97,False,2026-01-12 03:47:49
191f2622,v2-aesthetic-first,8514,445.58,0.0523,10.0,8.29,False,2026-01-02 14:29:36
41e5b2ab,v3-profit-seeker,17853,5626.86,0.3152,7.37,9.86,False,2026-01-13 22:58:07
3f45b5b6,v1-balanced,3052,620.12,0.2032,6.39,9.39,True,2026-01-19 04:05:21
c811cb3c,v3-profit-seeker,17732,6096.74,0.3438,5.02,5.46,False,2026-01-15 17:13:10
6aa3e029,v3-profit-seeker,5111,1511.7,0.2958,7.38,7.81,True,2026-02-09 05:45:53
a60d4226,v3-profit-seeker,5686,1313.54,0.231,8.08,8.27,False,2026-01-21 16:40:57
e30e7788,v1-balanced,16361,2590.95,0.1584,7.4,8.52,True,2026-02-10 11:47:20
bd3b2f90,v2-aesthetic-first,7464,978.19,0.1311,7.95,8.56,False,2026-01-12 02:45:35
ff88a53e,v3-profit-seeker,17768,6429.99,0.3619,5.03,6.59,False,2026-01-13 13:56:23
51f2f116,v3-profit-seeker,12665,4195.06,0.3312,5.98,9.55,False,2026-01-26 04:10:55
22542d49,v2-aesthetic-first,18646,932.3,0.05,8.69,9.65,True,2026-01-02 14:42:40
3dfeab5d,v2-aesthetic-first,8277,413.85,0.05,8.19,8.34,False,2026-01-16 10:18:47
513cbdf7,v3-profit-seeker,8439,3189.8,0.378,5.22,9.34,True,2026-01-22 11:43:34
235d35e3,v3-profit-seeker,17118,5824.29,0.3402,4.99,9.82,False,2026-01-25 18:31:51
ebaf519b,v3-profit-seeker,3579,1268.51,0.3544,4.92,7.05,False,2026-01-19 07:58:47
c5713c94,v2-aesthetic-first,3297,164.85,0.05,9.41,9.27,True,2026-01-19 00:16:36
f4b94a2f,v1-balanced,9241,1890.12,0.2045,6.53,9.03,False,2026-01-05 03:01:51
803bdd52,v3-profit-seeker,5756,2068.7,0.3594,4.12,9.01,False,2026-01-26 19:22:00
1e413734,v2-aesthetic-first,19205,1596.9,0.0832,9.49,6.26,False,2026-01-21 18:49:00
bae6a39c,v2-aesthetic-first,9059,631.17,0.0697,9.77,9.53,False,2026-01-02 18:29:11
f788f49d,v2-aesthetic-first,4557,465.01,0.102,9.0,9.92,False,2026-02-08 14:26:52
9b3799fa,v3-profit-seeker,12842,4328.57,0.3371,5.82,8.88,False,2026-01-20 10:01:24
fae808c9,v2-aesthetic-first,15968,1301.62,0.0815,9.21,9.79,True,2026-01-20 04:41:07
7f05326f,v3-profit-seeker,14179,5033.78,0.355,5.21,5.01,False,2026-01-06 23:09:58
fd77c010,v3-profit-seeker,9660,3747.52,0.3879,6.35,9.04,False,2026-01-27 13:44:04
28217628,v3-profit-seeker,18079,5096.84,0.2819,6.37,8.94,False,2026-01-17 19:28:38
b6c11a84,v2-aesthetic-first,18001,1393.14,0.0774,8.29,9.58,False,2026-01-16 09:38:22
14db32fd,v3-profit-seeker,8745,2525.52,0.2888,6.3,9.6,False,2026-01-26 23:13:56
59d979e1,v2-aesthetic-first,4172,208.6,0.05,8.8,8.48,True,2026-01-26 13:28:40
aa451898,v3-profit-seeker,3811,1461.34,0.3835,4.29,6.11,True,2026-01-01 04:56:25
4ae13dd5,v2-aesthetic-first,9003,779.6,0.0866,8.1,8.8,True,2026-01-04 16:03:37
aef2e26a,v2-aesthetic-first,13498,674.9,0.05,9.95,7.11,False,2026-01-11 22:41:57
74c3b57e,v3-profit-seeker,13878,4540.88,0.3272,5.56,9.55,False,2026-01-15 08:42:39
aca62c1a,v1-balanced,19806,3376.88,0.1705,7.68,9.74,False,2026-01-20 02:38:00
5b73de2c,v1-balanced,5775,1055.67,0.1828,7.48,7.57,False,2026-01-26 13:03:50
131bc8ef,v2-aesthetic-first,19646,1028.31,0.0523,8.57,6.74,False,2026-02-04 19:40:58
63a7f206,v3-profit-seeker,5060,1847.52,0.3651,4.03,9.29,True,2026-01-03 12:41:43
303de47b,v2-aesthetic-first,6661,558.17,0.0838,9.27,9.72,True,2026-01-28 21:56:54
06dec44d,v2-aesthetic-first,8222,806.79,0.0981,8.46,8.52,False,2026-02-06 16:39:36
b48c82bc,v2-aesthetic-first,6138,580.03,0.0945,8.81,9.39,True,2026-02-01 13:25:27
18e35b1b,v2-aesthetic-first,14091,1433.16,0.1017,7.01,6.81,False,2026-01-26 13:05:56
4e6ab13b,v1-balanced,7174,1744.37,0.2432,5.85,5.55,False,2026-01-30 14:56:35
0971d6b0,v1-balanced,8101,1643.67,0.2029,7.03,5.89,False,2026-02-08 12:10:55
5badde18,v2-aesthetic-first,12353,948.49,0.0768,8.21,5.38,False,2026-02-06 11:41:48
770fa762,v2-aesthetic-first,19757,1317.07,0.0667,9.0,9.86,True,2026-01-13 10:42:46
1806a0a5,v2-aesthetic-first,12714,1567.37,0.1233,7.12,9.72,False,2026-01-24 15:38:13
d8abe783,v2-aesthetic-first,7029,351.45,0.05,9.19,9.09,False,2026-01-29 20:11:55
ef8cee68,v2-aesthetic-first,11689,584.45,0.05,9.5,9.62,False,2026-01-03 23:20:08
ee26bca2,v1-balanced,14752,3365.84,0.2282,8.5,7.78,True,2026-01-24 12:23:25
403c452d,v2-aesthetic-first,15982,1307.4,0.0818,7.91,7.02,False,2026-01-05 03:35:55
0533cb48,v1-balanced,7205,926.94,0.1287,7.58,8.59,True,2026-01-10 12:22:06
e736f365,v3-profit-seeker,6180,2322.45,0.3758,4.57,7.09,True,2026-01-22 19:35:56
f9d271da,v2-aesthetic-first,3275,353.39,0.1079,8.65,9.86,True,2026-01-30 22:19:12
f8d23955,v1-balanced,6085,1152.39,0.1894,7.27,8.85,False,2026-02-01 13:49:08
5f0bf698,v1-balanced,18009,3927.36,0.2181,5.17,7.92,False,2026-01-21 13:48:58
421305c0,v3-profit-seeker,4996,1351.97,0.2706,6.89,7.52,True,2026-01-18 23:24:27
4515853b,v3-profit-seeker,11266,3833.48,0.3403,5.46,7.88,False,2026-01-07 01:50:59
47ff64de,v1-balanced,12182,2508.7,0.2059,7.48,7.54,False,2026-01-09 11:41:14
1c63b1df,v3-profit-seeker,14839,4991.31,0.3364,4.46,8.95,False,2026-01-29 13:48:32
01833518,v1-balanced,4062,687.83,0.1693,7.24,8.85,False,2026-01-23 22:36:48
d67370a0,v3-profit-seeker,10128,2612.98,0.258,6.19,7.8,False,2026-01-29 13:31:03
01dcd78e,v2-aesthetic-first,14683,734.15,0.05,9.67,6.5,False,2026-02-05 19:25:23
1ad7a24f,v3-profit-seeker,7367,1978.38,0.2685,7.24,8.32,False,2026-01-31 17:19:35
d0d06034,v2-aesthetic-first,8245,466.26,0.0566,7.85,9.57,False,2026-02-03 14:29:41
33123e42,v2-aesthetic-first,10574,716.0,0.0677,8.4,7.65,True,2026-02-07 04:51:37
e210e7f2,v1-balanced,10024,2560.4,0.2554,5.82,3.82,False,2026-01-18 19:37:43
eff1f0d6,v2-aesthetic-first,18810,1587.55,0.0844,7.97,8.7,False,2026-01-30 00:41:29
8afedd56,v2-aesthetic-first,12864,643.2,0.05,10.0,9.83,True,2026-01-13 17:27:39
1b8d0583,v3-profit-seeker,12323,4498.1,0.365,4.99,9.72,False,2026-01-31 06:44:52
1abdf23d,v1-balanced,8034,1050.59,0.1308,7.46,6.45,False,2026-01-19 22:49:27
ce676f63,v3-profit-seeker,14570,5262.1,0.3612,5.88,9.41,True,2026-01-14 23:57:47
de284342,v2-aesthetic-first,11784,917.05,0.0778,8.44,6.86,True,2026-01-14 20:25:35
ac81e3f3,v3-profit-seeker,6879,1921.9,0.2794,7.25,6.54,False,2026-01-25 19:39:27
1705af34,v2-aesthetic-first,19447,1840.23,0.0946,7.66,7.41,True,2026-02-02 13:26:18
4ccd6e83,v2-aesthetic-first,10656,789.28,0.0741,8.66,7.54,False,2026-01-05 02:01:01
6ff086c9,v2-aesthetic-first,3978,275.09,0.0692,7.4,9.79,False,2026-01-07 16:30:30
a1a57c05,v3-profit-seeker,10722,3340.31,0.3115,5.06,8.15,False,2026-01-21 17:39:43
7ef2b863,v3-profit-seeker,15900,6510.59,0.4095,4.76,7.95,False,2026-02-04 08:45:33
e4ef7a6a,v2-aesthetic-first,9715,588.97,0.0606,8.17,9.1,True,2026-01-12 07:43:57
c3e0f432,v1-balanced,13833,2375.02,0.1717,9.26,8.66,False,2026-01-22 12:43:32
7c248c18,v1-balanced,13183,2084.38,0.1581,8.69,8.16,True,2026-01-23 13:52:44
cc4a4206,v1-balanced,7711,1159.38,0.1504,7.62,6.46,True,2026-01-13 19:10:20
15843aa3,v3-profit-seeker,3945,1112.12,0.2819,5.37,9.47,True,2026-01-22 08:35:21
2d228761,v3-profit-seeker,8621,2561.15,0.2971,7.04,8.81,False,2026-02-01 04:54:05
2498db61,v1-balanced,11317,2150.28,0.19,6.85,9.28,False,2026-02-07 11:34:34
cf925f24,v2-aesthetic-first,6825,852.92,0.125,8.02,6.83,False,2026-01-05 03:13:19
c9876265,v1-balanced,8190,1277.67,0.156,6.59,7.61,False,2026-02-02 05:31:15
7cb27d9b,v2-aesthetic-first,15863,1866.23,0.1176,8.8,8.54,False,2026-01-02 09:06:11
630cb860,v2-aesthetic-first,4572,228.6,0.05,8.04,9.12,True,2026-01-28 11:54:33
cc55f4bc,v1-balanced,7965,1904.45,0.2391,6.34,8.2,False,2026-01-20 05:49:47
fa26aa17,v1-balanced,15290,2408.43,0.1575,7.44,6.29,False,2026-01-22 05:09:57
e2ce6643,v1-balanced,17397,3175.94,0.1826,8.67,9.56,True,2026-01-21 18:44:29
c6d89e66,v3-profit-seeker,14493,4722.71,0.3259,5.31,8.71,True,2026-01-09 13:29:49
b5be7cfc,v3-profit-seeker,17093,5598.09,0.3275,5.11,9.9,False,2026-01-22 07:57:05
c65d0cb8,v2-aesthetic-first,9171,458.55,0.05,8.78,8.82,True,2026-01-25 12:01:32
6291e74d,v2-aesthetic-first,15116,2020.85,0.1337,7.95,9.23,True,2026-01-25 06:59:06
64418b1a,v3-profit-seeker,15623,4664.57,0.2986,6.1,6.6,False,2026-02-05 18:15:41
610165b9,v3-profit-seeker,15071,4636.76,0.3077,5.51,9.38,False,2026-01-08 12:22:24
a5eb5d18,v2-aesthetic-first,3657,298.97,0.0818,8.27,9.03,True,2026-01-07 19:27:40
e0e13f8d,v3-profit-seeker,7666,2720.73,0.3549,5.16,9.01,False,2026-01-31 14:04:59
cd280296,v3-profit-seeker,7103,2367.32,0.3333,5.47,9.71,False,2026-02-06 06:35:28
09485d37,v2-aesthetic-first,15623,1200.49,0.0768,8.05,7.25,True,2026-01-24 10:15:36
d1708197,v3-profit-seeker,7632,2796.99,0.3665,2.92,8.79,False,2026-01-24 03:40:29
5ca165a7,v3-profit-seeker,11278,4099.82,0.3635,4.05,6.69,False,2026-02-09 20:28:19
3534b3cc,v3-profit-seeker,7097,1987.92,0.2801,5.78,7.84,True,2026-01-10 16:39:19
82536509,v1-balanced,3370,744.54,0.2209,6.72,7.39,False,2026-01-13 20:20:12
7d02e8bc,v3-profit-seeker,17662,3872.93,0.2193,8.09,9.56,False,2026-02-07 16:10:06
dd150144,v2-aesthetic-first,15305,1222.53,0.0799,8.45,8.26,True,2026-01-19 09:25:24
56e29ac1,v3-profit-seeker,3716,869.05,0.2339,6.7,9.37,False,2026-02-10 14:34:24
6d870e59,v1-balanced,8628,1581.63,0.1833,6.39,8.07,False,2026-01-10 12:18:53
a9615181,v3-profit-seeker,17383,5763.95,0.3316,5.43,9.12,False,2026-01-13 01:21:42
fc744bb1,v2-aesthetic-first,17760,1184.45,0.0667,7.57,6.33,False,2026-01-27 01:21:45
ca1ce807,v1-balanced,15046,3913.6,0.2601,5.5,9.87,False,2026-01-21 19:34:39
05e2d19d,v2-aesthetic-first,14776,738.8,0.05,9.2,8.47,True,2026-01-24 06:50:17
41030a72,v3-profit-seeker,4374,1184.24,0.2707,6.93,9.66,False,2026-01-06 19:11:01
8da5832b,v2-aesthetic-first,7763,388.15,0.05,10.0,8.11,False,2026-02-02 05:43:05
8031b4e4,v3-profit-seeker,14257,4183.15,0.2934,4.24,9.87,False,2026-02-09 17:32:14
191369f0,v1-balanced,9742,2011.9,0.2065,6.61,6.44,False,2026-02-07 15:57:39
ab9639cc,v2-aesthetic-first,18735,1523.86,0.0813,8.68,9.12,False,2026-01-02 10:33:41
77b14f79,v3-profit-seeker,7532,2385.04,0.3167,6.37,9.84,False,2026-01-16 16:08:37
f726cb9f,v2-aesthetic-first,8551,486.97,0.0569,8.56,9.43,False,2026-02-09 15:33:24
e5e38189,v1-balanced,13991,1374.02,0.0982,8.89,8.25,True,2026-01-31 09:40:57
eda46470,v1-balanced,7730,961.65,0.1244,8.69,9.25,False,2026-01-15 16:21:52
e2ee8ed0,v3-profit-seeker,18076,6583.43,0.3642,4.76,9.9,False,2026-01-16 15:35:34
9ef095c0,v2-aesthetic-first,7719,807.49,0.1046,7.81,8.98,False,2026-01-07 04:32:15
3034a445,v1-balanced,6918,985.38,0.1424,7.63,9.37,False,2026-01-29 13:31:05
1ed47b75,v1-balanced,17561,3158.05,0.1798,7.42,9.28,False,2026-01-21 01:36:19
3a09c319,v3-profit-seeker,13146,4061.04,0.3089,6.58,7.41,False,2026-02-02 12:17:22
d720b0ae,v3-profit-seeker,6568,2449.35,0.3729,6.47,7.35,False,2026-02-02 04:50:25
0a0c7bb3,v1-balanced,7311,1315.11,0.1799,8.45,9.52,True,2026-02-07 11:56:16
5605d3e1,v3-profit-seeker,10624,4112.17,0.3871,4.3,9.28,False,2026-01-08 20:18:39
f866609e,v1-balanced,10952,1738.76,0.1588,7.7,7.62,False,2026-02-05 10:08:11
9de33893,v3-profit-seeker,18208,5808.31,0.319,5.35,9.9,False,2026-02-09 22:03:40
804bad5b,v1-balanced,5478,1037.59,0.1894,6.78,7.34,False,2026-01-06 06:46:52
da9472e4,v3-profit-seeker,9020,2761.09,0.3061,5.64,9.42,False,2026-02-06 21:58:13
45ceb67b,v3-profit-seeker,16674,6161.06,0.3695,3.53,9.52,True,2026-01-11 07:23:37
277347b3,v1-balanced,11411,2574.94,0.2257,6.73,9.67,False,2026-01-03 14:28:46
73924ecc,v3-profit-seeker,5964,1445.29,0.2423,5.77,7.51,False,2026-01-08 14:36:22
9a9c6669,v3-profit-seeker,7676,1692.35,0.2205,8.29,8.68,True,2026-01-28 13:56:13
e1988641,v1-balanced,14023,3376.08,0.2408,5.74,5.08,False,2026-01-13 13:15:24
32f511b4,v3-profit-seeker,15448,4048.14,0.262,5.73,6.38,False,2026-02-01 02:58:37
f3572373,v2-aesthetic-first,19784,1386.07,0.0701,8.65,9.74,False,2026-01-01 15:47:22
f3b99c5e,v3-profit-seeker,8262,2482.64,0.3005,4.3,9.57,False,2026-02-01 07:18:04
c79b6692,v3-profit-seeker,6898,2566.91,0.3721,5.02,9.47,False,2026-01-13 09:57:08
d465cd83,v1-balanced,8954,2225.58,0.2486,6.73,9.87,False,2026-01-21 20:17:35
c3c15cd6,v3-profit-seeker,4136,1429.43,0.3456,6.26,8.64,False,2026-01-01 12:46:03
51a42742,v1-balanced,4337,992.0,0.2287,6.36,7.15,True,2026-01-16 05:31:43
3aadaf93,v3-profit-seeker,4242,1795.61,0.4233,3.93,5.87,False,2026-01-29 19:20:07
024649e8,v3-profit-seeker,10597,2879.34,0.2717,6.32,7.87,False,2026-01-27 09:08:43
62497a0b,v3-profit-seeker,11357,5110.65,0.45,2.32,9.92,True,2026-01-26 09:10:15
da3257bc,v3-profit-seeker,13288,2769.87,0.2084,7.76,8.65,False,2026-01-12 14:11:07
fa8d65ee,v1-balanced,7868,1712.81,0.2177,6.76,8.31,False,2026-01-30 11:10:20
5487b429,v1-balanced,16326,4695.06,0.2876,6.63,9.7,False,2026-01-02 07:35:12
e8e437db,v1-balanced,15448,3315.9,0.2146,6.84,9.69,False,2026-02-08 02:24:12
800b3c39,v2-aesthetic-first,10582,546.17,0.0516,8.87,9.73,False,2026-01-05 19:36:59
1c78dfd7,v2-aesthetic-first,3439,216.16,0.0629,8.62,8.12,True,2026-01-25 09:19:18
ba42d41b,v1-balanced,9647,2382.28,0.2469,6.12,8.28,True,2026-01-10 04:44:50
b6c92aeb,v1-balanced,4989,995.2,0.1995,7.3,9.13,False,2026-01-03 20:31:52
71df6e56,v3-profit-seeker,4919,1434.37,0.2916,6.67,8.9,False,2026-01-20 06:33:24
e6111c65,v2-aesthetic-first,18356,1510.51,0.0823,7.94,6.0,True,2026-01-18 12:20:03
f66fd800,v3-profit-seeker,4754,1745.87,0.3672,4.15,6.3,False,2026-01-14 14:56:38
f4030693,v2-aesthetic-first,3729,408.32,0.1095,8.15,9.91,False,2026-02-05 23:47:02
7292ca9b,v3-profit-seeker,11640,2938.9,0.2525,7.14,9.31,False,2026-01-29 01:00:11
796f6f90,v2-aesthetic-first,3130,339.65,0.1085,8.22,5.95,False,2026-02-02 16:49:52
12cbcc2a,v3-profit-seeker,3668,1204.95,0.3285,5.59,4.73,False,2026-02-09 12:36:19
2ec16bbc,v2-aesthetic-first,16135,806.75,0.05,10.0,6.25,True,2026-01-02 20:13:49
775e8841,v3-profit-seeker,13755,3843.43,0.2794,6.52,8.64,True,2026-01-16 04:51:59
85999b11,v3-profit-seeker,3500,1107.91,0.3165,5.27,9.47,False,2026-01-16 06:37:16
bcbceb7c,v3-profit-seeker,8511,3089.17,0.363,5.26,9.68,False,2026-01-11 19:13:20
da4cdbf4,v1-balanced,12053,2368.24,0.1965,6.99,3.2,True,2026-01-30 03:15:23
63b0618d,v3-profit-seeker,10923,4532.18,0.4149,4.75,4.0,False,2026-01-04 02:30:16
6f400837,v1-balanced,12298,2662.74,0.2165,5.73,9.89,False,2026-01-06 03:37:11
9fbe43cf,v2-aesthetic-first,11171,821.87,0.0736,8.06,7.96,True,2026-02-01 05:31:15
68b0d957,v1-balanced,19722,3184.28,0.1615,7.64,9.95,True,2026-01-29 01:57:05
8d309056,v3-profit-seeker,12592,4456.2,0.3539,5.7,7.33,False,2026-01-22 13:04:39
853e4a5b,v1-balanced,3861,1007.02,0.2608,6.94,8.34,True,2026-01-28 07:32:25
39adfc31,v1-balanced,18804,4123.07,0.2193,7.48,8.86,False,2026-01-09 08:06:32
a5293074,v1-balanced,15704,3010.46,0.1917,5.75,8.71,False,2026-01-29 16:31:54
93dc6001,v2-aesthetic-first,17335,1247.58,0.072,8.38,9.71,True,2026-02-04 03:55:30
47543801,v2-aesthetic-first,6982,349.1,0.05,8.85,8.58,False,2026-01-05 11:48:42
a6a586a6,v3-profit-seeker,7423,2280.06,0.3072,5.27,9.99,False,2026-02-01 16:41:19
c16a2485,v2-aesthetic-first,17842,2306.8,0.1293,8.18,7.93,True,2026-01-14 03:37:00
64fdb34b,v3-profit-seeker,17591,5194.43,0.2953,4.69,8.54,False,2026-01-20 22:19:18
3fc22cc6,v1-balanced,16365,3294.79,0.2013,7.24,8.37,False,2026-01-11 23:07:01
648f9d5e,v1-balanced,5379,1008.5,0.1875,7.5,9.47,True,2026-01-08 21:51:56
d385619b,v2-aesthetic-first,3570,402.21,0.1127,6.71,9.98,True,2026-01-16 07:48:16
973c4a1e,v2-aesthetic-first,17776,888.8,0.05,9.56,9.85,True,2026-01-05 03:08:04
f0beb7a1,v1-balanced,7882,2351.88,0.2984,4.48,9.13,False,2026-02-01 18:47:23
97df5116,v3-profit-seeker,14198,5211.35,0.367,6.01,8.81,False,2026-01-22 09:00:11
f244c591,v2-aesthetic-first,13528,676.4,0.05,8.65,9.94,True,2026-02-04 00:43:34
58ce52b4,v1-balanced,16439,3700.26,0.2251,5.19,6.3,False,2026-02-08 00:55:45
d60d0db7,v1-balanced,7229,1565.25,0.2165,5.84,7.12,False,2026-01-03 05:57:11
b1cd1ebd,v2-aesthetic-first,4127,206.35,0.05,8.42,7.52,False,2026-02-08 11:21:39
1278c404,v2-aesthetic-first,14704,1408.39,0.0958,8.67,4.87,False,2026-01-11 04:52:22
0e6ecde2,v3-profit-seeker,17373,5205.06,0.2996,5.91,6.77,False,2026-01-18 17:22:27
c0c54bd9,v2-aesthetic-first,7777,388.85,0.05,8.91,8.72,True,2026-01-24 03:44:46
cf378173,v1-balanced,3088,789.51,0.2557,5.12,9.92,False,2026-02-03 02:25:53
90c8c000,v1-balanced,14946,3090.86,0.2068,5.73,8.51,False,2026-01-10 00:47:19
6102bfcb,v2-aesthetic-first,9329,1107.7,0.1187,7.76,9.96,False,2026-01-31 15:12:37
7c23dd14,v1-balanced,10059,2272.9,0.226,6.3,7.47,False,2026-02-04 23:33:45
cc281c77,v3-profit-seeker,12761,4410.02,0.3456,3.51,8.35,True,2026-01-23 03:40:58
35198ec5,v3-profit-seeker,5456,1207.97,0.2214,8.77,9.85,False,2026-02-05 15:16:59
2e8f339d,v2-aesthetic-first,5415,353.48,0.0653,8.93,8.4,True,2026-01-10 07:33:30
62186f12,v3-profit-seeker,17774,4528.66,0.2548,6.06,9.56,False,2026-01-28 18:04:54
4c7f6110,v1-balanced,8896,1924.39,0.2163,7.03,6.48,False,2026-01-13 04:58:45
3f349d13,v1-balanced,6082,1151.57,0.1893,8.18,8.54,False,2026-01-22 16:58:37
f2fff215,v2-aesthetic-first,3727,602.73,0.1617,7.3,9.84,True,2026-02-04 23:04:05
dd280e5d,v3-profit-seeker,5572,1754.85,0.3149,6.29,9.19,False,2026-01-29 12:14:00
ea8f3bcc,v3-profit-seeker,3297,834.82,0.2532,5.79,9.11,False,2026-01-10 10:38:48
17ea5b72,v3-profit-seeker,16526,6721.96,0.4068,4.61,4.41,False,2026-01-04 08:31:16
37047464,v2-aesthetic-first,10347,517.35,0.05,9.77,7.13,True,2026-01-31 22:24:41
b37eadc1,v1-balanced,3564,618.79,0.1736,7.18,5.46,False,2026-01-08 21:29:49
38c928b1,v1-balanced,13868,2388.77,0.1723,7.44,9.53,True,2026-01-05 11:02:57
d3207eba,v1-balanced,7189,1197.01,0.1665,7.83,5.65,False,2026-01-08 19:15:03
08dda512,v2-aesthetic-first,19904,995.2,0.05,9.78,8.05,True,2026-01-20 03:42:47
b88b3c06,v3-profit-seeker,3692,1320.55,0.3577,4.11,8.41,False,2026-02-05 14:04:52
ac4eee7d,v3-profit-seeker,8189,2555.13,0.312,5.39,9.29,False,2026-01-14 04:46:39
2d5cdbca,v2-aesthetic-first,5530,779.38,0.1409,7.2,8.93,False,2026-01-16 02:13:20
f1704bd3,v3-profit-seeker,17543,5126.02,0.2922,4.87,7.9,False,2026-01-06 06:08:26
3611e209,v3-profit-seeker,10432,3526.3,0.338,6.0,8.83,False,2026-02-04 11:50:50
ec7ede9b,v3-profit-seeker,6669,3001.05,0.45,3.0,7.55,False,2026-01-09 03:50:57
72d7ea61,v3-profit-seeker,17632,6676.33,0.3786,3.14,6.96,False,2026-01-09 08:26:53
12ee1eb2,v3-profit-seeker,13454,4235.46,0.3148,5.38,9.98,False,2026-01-19 15:03:38
b6a725fc,v1-balanced,9511,1862.5,0.1958,6.6,9.17,False,2026-02-10 06:18:38
d9e83d95,v1-balanced,9265,1625.18,0.1754,8.85,9.9,True,2026-01-17 17:52:25
df432141,v3-profit-seeker,5830,1779.4,0.3052,6.06,3.23,False,2026-01-23 11:15:04
b8b2059d,v1-balanced,13798,3010.63,0.2182,7.31,9.31,True,2026-01-06 04:13:20
66085186,v3-profit-seeker,16954,5734.27,0.3382,5.54,9.56,False,2026-01-13 00:23:48
06c4d884,v3-profit-seeker,13542,4485.39,0.3312,5.11,6.85,False,2026-01-27 07:34:36
9a9b7bb9,v3-profit-seeker,19798,6798.76,0.3434,5.56,9.58,False,2026-01-28 20:04:00
a01627f6,v1-balanced,12080,3318.02,0.2747,5.31,9.34,False,2026-02-09 05:50:43
08a679d6,v1-balanced,18149,3879.4,0.2138,7.85,8.06,False,2026-01-02 21:40:21
4643776c,v3-profit-seeker,9553,2970.4,0.3109,6.04,7.1,True,2026-01-30 07:46:10
839d2ec3,v1-balanced,6009,791.06,0.1316,8.6,8.42,False,2026-01-15 14:32:56
4fd2b223,v2-aesthetic-first,17427,1893.34,0.1086,7.62,7.18,True,2026-01-03 20:38:22
37fd0d1b,v1-balanced,10876,2036.48,0.1872,6.21,8.69,True,2026-02-09 02:43:23
21f2ff03,v3-profit-seeker,18806,7528.26,0.4003,3.19,9.98,True,2026-02-07 20:33:08
52e1cff0,v1-balanced,19141,2896.12,0.1513,7.35,8.82,False,2026-01-14 02:16:33
f88bd3c6,v3-profit-seeker,8300,2910.28,0.3506,2.61,8.69,False,2026-01-28 08:13:52
2dba221f,v3-profit-seeker,12283,4085.8,0.3326,3.64,6.77,False,2026-01-08 01:17:12
e34288e5,v3-profit-seeker,5806,1725.75,0.2972,7.53,8.3,True,2026-01-06 03:39:19
fb64ff5f,v2-aesthetic-first,14155,707.75,0.05,8.85,9.19,True,2026-01-22 19:24:54
6327598f,v1-balanced,8878,1869.15,0.2105,6.63,8.26,False,2026-01-17 08:20:28
069c3fa4,v1-balanced,15457,3518.92,0.2277,6.51,4.44,False,2026-01-12 01:47:11
b9fa832d,v3-profit-seeker,11404,3784.13,0.3318,4.71,9.25,True,2026-01-20 18:20:32
116fb63b,v3-profit-seeker,11749,3230.16,0.2749,7.1,6.7,False,2026-01-13 10:44:34
7a1ee27d,v2-aesthetic-first,9955,777.64,0.0781,8.5,6.06,True,2026-01-10 14:05:00
ddef66e1,v3-profit-seeker,4420,1607.08,0.3636,5.88,9.84,False,2026-01-13 08:24:08
5cb1c4e5,v3-profit-seeker,11477,3080.7,0.2684,6.03,9.95,False,2026-01-01 15:09:16
844fb778,v1-balanced,6331,1583.54,0.2501,5.9,9.81,False,2026-01-24 22:35:46
f3de71fe,v1-balanced,10702,2238.24,0.2091,6.33,7.5,False,2026-01-21 09:11:24
b3eb9a58,v3-profit-seeker,18912,7206.0,0.381,4.7,9.79,False,2026-02-02 03:39:41
0d5bc684,v3-profit-seeker,14573,4285.74,0.2941,6.04,9.22,True,2026-02-10 03:38:35
59cf1b8a,v1-balanced,14196,3603.21,0.2538,5.25,5.75,False,2026-01-24 22:35:58
7a3680fb,v1-balanced,18313,2434.0,0.1329,8.92,5.44,True,2026-01-15 12:35:46
edb75053,v3-profit-seeker,5559,2284.33,0.4109,3.39,5.67,True,2026-01-13 06:53:44
0c64dce3,v3-profit-seeker,14856,4660.39,0.3137,5.93,8.53,False,2026-01-18 01:15:52
e62d97f6,v1-balanced,6981,1138.09,0.163,7.27,8.29,True,2026-01-25 20:32:59
2bae888e,v3-profit-seeker,19462,6535.77,0.3358,5.81,9.51,True,2026-01-29 08:11:42
05a29fe4,v3-profit-seeker,19399,7125.48,0.3673,3.98,7.53,False,2026-01-29 18:59:09
f67dfaaf,v3-profit-seeker,11550,3516.05,0.3044,6.21,6.28,False,2026-02-03 10:37:41
65166eba,v2-aesthetic-first,9724,586.87,0.0604,7.28,9.58,False,2026-01-21 18:33:21
93e00d9c,v3-profit-seeker,17874,6153.57,0.3443,4.25,9.53,False,2026-01-09 18:19:19
ebf298f8,v1-balanced,17443,2298.83,0.1318,8.2,8.89,False,2026-01-26 20:16:10
0aaa2059,v3-profit-seeker,13692,4000.62,0.2922,5.07,9.82,False,2026-01-23 13:12:36
a5c83000,v2-aesthetic-first,14905,1623.55,0.1089,8.11,7.03,False,2026-01-10 22:17:15
d5f737d8,v2-aesthetic-first,7744,722.08,0.0932,9.24,9.88,False,2026-01-26 20:23:40
172b2a06,v2-aesthetic-first,17687,884.35,0.05,7.77,9.3,True,2026-01-29 20:20:33
4a018d92,v3-profit-seeker,16029,4540.18,0.2832,6.3,8.78,False,2026-02-04 01:15:04
cbd178ce,v1-balanced,12016,2106.61,0.1753,7.76,9.03,True,2026-01-07 09:01:10
04c8d901,v1-balanced,14577,3199.8,0.2195,6.68,9.85,False,2026-01-27 04:52:09
255383a3,v1-balanced,9659,1608.33,0.1665,7.31,8.57,False,2026-02-05 11:02:31
ef8d5b31,v2-aesthetic-first,11765,659.01,0.056,9.38,9.85,True,2026-01-24 07:56:04
b1b844ae,v2-aesthetic-first,18432,2923.95,0.1586,7.67,9.03,False,2026-01-22 02:18:50
180d667f,v1-balanced,7410,1267.15,0.171,7.74,7.17,True,2026-01-22 02:30:35
4cb6922e,v2-aesthetic-first,15648,1832.54,0.1171,7.96,8.32,False,2026-01-13 01:23:52
5c5c9567,v2-aesthetic-first,3974,198.7,0.05,8.44,5.55,True,2026-01-12 06:23:31
10f2d421,v1-balanced,12696,2205.37,0.1737,6.9,7.43,False,2026-01-26 23:45:55
af7162bc,v2-aesthetic-first,8101,1686.49,0.2082,6.12,7.86,True,2026-01-22 02:16:43
b021edf4,v3-profit-seeker,13410,5817.81,0.4338,2.25,9.66,False,2026-01-14 15:44:24
a7334ef2,v3-profit-seeker,12769,4808.62,0.3766,4.08,9.08,True,2026-01-15 11:20:34
2123367e,v1-balanced,4037,734.21,0.1819,7.33,9.24,False,2026-01-12 21:09:20
8199ab43,v3-profit-seeker,4433,1488.74,0.3358,4.01,9.03,False,2026-01-17 07:29:38
565588ff,v1-balanced,11956,1838.16,0.1537,8.21,5.04,False,2026-01-11 10:35:07
b6841d6c,v2-aesthetic-first,19835,1155.49,0.0583,9.57,4.83,True,2026-02-01 08:10:24
e1786c8f,v1-balanced,9633,1566.87,0.1627,8.06,6.09,False,2026-01-22 14:18:08
1f69ded9,v3-profit-seeker,8423,3515.75,0.4174,4.67,9.83,False,2026-01-05 03:35:31
e10ec23e,v3-profit-seeker,4882,1466.08,0.3003,7.46,8.36,False,2026-01-04 18:45:44
a144daed,v2-aesthetic-first,4489,235.83,0.0525,10.0,5.08,False,2026-01-10 18:59:58
4b43b899,v3-profit-seeker,17614,5043.61,0.2863,5.33,6.7,False,2026-01-14 09:23:50
7553d0aa,v1-balanced,6375,1310.78,0.2056,6.81,9.9,True,2026-01-04 22:09:14
a9cd686d,v3-profit-seeker,14575,5132.91,0.3522,4.58,9.69,False,2026-01-07 19:25:00
57139faa,v2-aesthetic-first,11351,641.43,0.0565,8.42,8.41,False,2026-01-01 23:50:56
1b63cd30,v2-aesthetic-first,6870,590.87,0.086,7.72,8.95,False,2026-01-29 07:44:25
19e3157c,v3-profit-seeker,8161,2793.99,0.3424,3.52,5.45,False,2026-02-07 10:09:41
8074d88d,v2-aesthetic-first,8647,760.81,0.088,7.15,8.47,True,2026-01-25 06:37:31
7a9b01c7,v3-profit-seeker,5737,1639.74,0.2858,7.04,9.01,False,2026-02-06 06:52:54
190d4373,v2-aesthetic-first,14474,1061.79,0.0734,8.37,8.53,False,2026-02-09 18:28:17
878fae9a,v3-profit-seeker,11826,3435.19,0.2905,6.18,7.94,False,2026-02-03 17:12:27
81886cf0,v2-aesthetic-first,11187,559.35,0.05,9.04,7.71,False,2026-01-30 11:01:24
9411fddb,v1-balanced,5407,692.66,0.1281,9.67,5.45,True,2026-02-09 03:17:53
e9474c5a,v3-profit-seeker,7070,2530.48,0.3579,4.9,9.85,True,2026-01-18 20:32:02
f444b3cf,v3-profit-seeker,13399,4382.4,0.3271,4.52,9.55,False,2026-01-16 03:22:37
c8fd846c,v1-balanced,3367,715.66,0.2126,7.01,8.31,False,2026-01-19 23:31:58
a75025c3,v1-balanced,13529,1984.61,0.1467,7.52,8.59,False,2026-01-07 05:00:56
5d8051bb,v1-balanced,19759,3673.63,0.1859,5.78,7.28,False,2026-01-08 01:17:11
e1438e1c,v3-profit-seeker,10359,3802.01,0.367,4.73,7.21,False,2026-01-25 18:06:49
4679ce37,v2-aesthetic-first,15200,911.52,0.06,9.36,6.6,False,2026-01-28 03:13:34
2be8a318,v1-balanced,17854,3561.41,0.1995,6.79,8.33,False,2026-01-03 17:32:46
42a7099b,v2-aesthetic-first,7316,487.42,0.0666,8.72,9.93,False,2026-01-07 18:22:44
a6a9535e,v1-balanced,7087,1737.56,0.2452,6.46,8.72,True,2026-01-09 21:43:09
38d0348c,v1-balanced,12393,2901.87,0.2342,6.7,8.96,False,2026-01-03 13:33:30
a6b2d256,v1-balanced,4034,690.43,0.1712,6.81,9.71,False,2026-01-08 13:20:08
0416665c,v1-balanced,5846,1231.73,0.2107,7.81,9.53,False,2026-01-22 10:15:22
07a5ff38,v3-profit-seeker,15925,5917.55,0.3716,5.29,9.09,True,2026-01-27 19:42:54
6950f1d0,v1-balanced,8381,1697.41,0.2025,7.37,9.45,False,2026-01-04 03:48:54
30261b9d,v2-aesthetic-first,14745,737.25,0.05,8.17,6.88,False,2026-01-19 03:30:13
8b3e100d,v3-profit-seeker,17242,5067.7,0.2939,7.08,8.67,False,2026-02-06 12:33:18
d0b20638,v3-profit-seeker,7633,2169.75,0.2843,5.88,8.7,True,2026-02-09 13:04:31
b7f810a6,v2-aesthetic-first,10925,769.95,0.0705,8.93,7.62,True,2026-01-28 07:34:45
2aec0d0e,v3-profit-seeker,17836,7332.3,0.4111,4.01,6.13,True,2026-01-18 04:45:50
b35a6723,v3-profit-seeker,19575,7056.73,0.3605,6.21,8.39,False,2026-01-15 03:39:50
1bb3d1f5,v3-profit-seeker,15768,4802.69,0.3046,6.25,9.85,False,2026-01-10 09:12:07
0b0498e1,v3-profit-seeker,17054,5374.31,0.3151,6.63,8.61,False,2026-02-08 09:55:52
3db119a5,v3-profit-seeker,15433,5408.68,0.3505,4.26,4.93,False,2026-01-22 07:40:02
e69dde3d,v1-balanced,10197,2044.0,0.2005,5.2,9.84,False,2026-01-17 04:15:25
9207683c,v3-profit-seeker,19558,5225.6,0.2672,6.12,9.84,False,2026-01-23 16:24:55
cba0cdc4,v2-aesthetic-first,8866,769.45,0.0868,8.13,8.45,False,2026-02-08 11:53:31
b78fff8b,v2-aesthetic-first,5003,297.35,0.0594,7.76,5.74,True,2026-02-02 11:22:29
4dcce18b,v2-aesthetic-first,4897,244.85,0.05,8.49,9.03,False,2026-01-07 11:11:49
143098a7,v3-profit-seeker,6928,2796.27,0.4036,3.98,8.68,False,2026-01-23 06:35:25
003127f4,v2-aesthetic-first,16885,987.18,0.0585,9.2,7.78,False,2026-02-03 10:05:49
97fabe5c,v3-profit-seeker,18652,6091.67,0.3266,4.89,9.95,False,2026-01-06 16:28:19
3d4e7356,v3-profit-seeker,6101,1455.29,0.2385,7.46,8.67,False,2026-01-21 00:42:11
6c0c7f7a,v2-aesthetic-first,4422,342.49,0.0775,8.11,9.97,False,2026-01-09 19:26:51
1517e5c6,v3-profit-seeker,13612,4671.68,0.3432,4.7,9.74,False,2026-01-07 15:04:56
78d4262e,v2-aesthetic-first,16155,1350.32,0.0836,8.62,9.2,True,2026-01-10 14:42:59
06dd06c0,v2-aesthetic-first,9039,893.7,0.0989,7.64,8.44,True,2026-02-05 18:15:44
373a1a29,v3-profit-seeker,3306,925.22,0.2799,6.87,9.2,True,2026-01-14 08:53:29
42b718bb,v1-balanced,18182,3104.1,0.1707,7.62,9.98,False,2026-01-21 20:36:59
133441cc,v1-balanced,6965,1316.06,0.189,6.73,8.43,True,2026-01-12 22:27:05
9aada961,v3-profit-seeker,12324,4641.63,0.3766,4.46,4.82,False,2026-02-07 02:16:54
4f42310a,v1-balanced,6112,1310.71,0.2144,6.17,8.89,False,2026-02-10 12:40:37
7073c1b1,v2-aesthetic-first,12623,1684.93,0.1335,8.38,6.45,False,2026-02-09 21:07:40
91dbf769,v3-profit-seeker,14519,3990.89,0.2749,5.49,9.62,False,2026-01-20 12:34:08
9aad18cb,v2-aesthetic-first,10013,654.28,0.0653,8.55,9.18,False,2026-01-06 00:26:49
20a1b43f,v3-profit-seeker,4752,1534.95,0.323,5.48,9.44,False,2026-01-11 18:42:08
d7794da1,v2-aesthetic-first,18445,1573.7,0.0853,9.45,8.6,False,2026-01-23 12:18:52
36284198,v3-profit-seeker,7889,2826.51,0.3583,6.56,9.27,True,2026-01-23 20:35:53
d781426e,v3-profit-seeker,5657,1864.94,0.3297,5.23,9.93,False,2026-01-28 22:42:02
3de6d760,v2-aesthetic-first,10636,1425.4,0.134,7.73,8.46,False,2026-01-19 13:33:30
1e92ae67,v1-balanced,3793,825.06,0.2175,6.45,9.07,False,2026-01-31 13:29:42
0b85f300,v2-aesthetic-first,3893,368.44,0.0946,7.84,8.34,True,2026-01-05 21:14:53
90d908c8,v1-balanced,19257,4548.34,0.2362,5.27,7.18,False,2026-01-25 15:27:31
b35fe50e,v3-profit-seeker,13335,4689.18,0.3516,5.46,6.49,False,2026-02-07 16:18:27
91118955,v3-profit-seeker,3407,1308.01,0.3839,4.07,5.5,False,2026-01-25 05:22:32
9090976f,v2-aesthetic-first,8522,426.1,0.05,9.86,7.19,True,2026-01-18 14:28:16
e3a0d2b2,v2-aesthetic-first,19092,2195.85,0.115,6.99,4.79,False,2026-01-04 02:21:30
2d9fab0d,v2-aesthetic-first,16781,1628.9,0.0971,8.19,8.9,False,2026-01-10 08:24:09
24f85a93,v1-balanced,14447,2868.29,0.1985,8.52,9.35,False,2026-02-06 16:49:02
62f00ad4,v3-profit-seeker,16372,4252.39,0.2597,6.87,9.99,False,2026-02-08 00:36:16
290fb2ab,v2-aesthetic-first,6636,703.89,0.1061,8.13,8.56,False,2026-01-11 01:26:17
840ecfb3,v2-aesthetic-first,17452,2441.43,0.1399,7.86,9.83,True,2026-01-04 20:52:46
835f6dc9,v2-aesthetic-first,9820,690.11,0.0703,8.83,9.49,True,2026-02-02 21:40:44
b0212c5d,v2-aesthetic-first,5058,652.84,0.1291,9.69,9.57,True,2026-01-29 17:13:17
c1a5e8a3,v3-profit-seeker,7823,2447.51,0.3129,4.74,7.89,False,2026-01-04 13:11:21
8beef703,v3-profit-seeker,19259,5832.16,0.3028,6.6,8.41,False,2026-01-19 07:02:00
fd3216c3,v1-balanced,5793,991.31,0.1711,8.07,9.28,False,2026-01-18 15:55:58
3feccaa5,v3-profit-seeker,3685,1249.22,0.339,5.42,8.64,False,2026-01-11 07:57:36
1d52d138,v3-profit-seeker,4528,1284.98,0.2838,5.3,8.36,False,2026-01-03 06:47:00
676036e5,v3-profit-seeker,16761,5053.96,0.3015,6.27,9.11,False,2026-01-18 12:11:23
0a5cb4e2,v2-aesthetic-first,3970,275.25,0.0693,8.48,8.66,False,2026-02-09 17:20:06
824ebca4,v3-profit-seeker,6588,1878.04,0.2851,5.55,7.15,False,2026-01-09 18:10:09
dd6643f8,v3-profit-seeker,12924,4379.29,0.3388,5.18,8.5,False,2026-02-07 23:13:25
186df6c1,v3-profit-seeker,13612,5333.6,0.3918,4.05,9.31,False,2026-01-29 17:40:02
7eef68e4,v3-profit-seeker,15625,4385.22,0.2807,6.55,9.03,False,2026-01-06 18:05:42
bc5e9904,v2-aesthetic-first,10923,1012.3,0.0927,8.6,8.15,False,2026-01-14 10:59:55
636429f1,v3-profit-seeker,10493,3513.27,0.3348,5.8,6.73,False,2026-01-14 10:02:43
05dc88a4,v1-balanced,5460,1191.56,0.2182,6.84,9.17,True,2026-01-01 11:44:07
b1667bb6,v1-balanced,6951,1648.61,0.2372,6.86,9.3,False,2026-02-04 05:50:53
422a9272,v2-aesthetic-first,15197,759.85,0.05,9.68,9.26,False,2026-01-23 15:18:09
91900a27,v3-profit-seeker,13947,5141.9,0.3687,5.07,6.14,False,2026-01-24 08:30:54
5d6e53c4,v2-aesthetic-first,15505,775.25,0.05,8.47,6.64,False,2026-01-13 14:24:30
be54a47f,v3-profit-seeker,7980,2366.32,0.2965,5.44,9.99,False,2026-01-02 00:55:03
a887bb4e,v1-balanced,5835,1083.89,0.1858,8.08,7.38,False,2026-01-08 16:00:45
c411c9cc,v1-balanced,6238,1110.15,0.178,8.02,7.14,False,2026-01-07 15:44:40
1f726c21,v2-aesthetic-first,4361,218.05,0.05,9.9,8.86,True,2026-01-10 22:34:48
62bfe260,v2-aesthetic-first,14421,1832.11,0.127,7.11,7.93,False,2026-01-05 05:06:02
c33c31b5,v1-balanced,18570,3681.69,0.1983,7.77,8.33,True,2026-01-19 02:26:38
a6270ff1,v2-aesthetic-first,4583,258.01,0.0563,7.67,9.68,False,2026-01-21 15:27:47
12989d7f,v3-profit-seeker,3401,1144.8,0.3366,5.0,9.25,False,2026-01-30 20:17:24
1a21c8cf,v1-balanced,9260,1864.08,0.2013,7.3,8.79,True,2026-01-02 19:14:40
027a1cec,v3-profit-seeker,10558,3307.25,0.3132,6.54,8.31,False,2026-01-10 18:28:33
f7e7d9b5,v3-profit-seeker,16954,5631.42,0.3322,6.74,9.39,False,2026-02-09 03:58:20
5a16ec0f,v1-balanced,16360,3350.11,0.2048,7.87,9.96,False,2026-01-08 03:37:59
ef17d720,v3-profit-seeker,17237,6785.3,0.3936,2.85,7.78,False,2026-01-01 14:37:58
e04f5af6,v3-profit-seeker,17767,5933.34,0.334,6.31,9.88,False,2026-01-28 19:54:28
dc927955,v2-aesthetic-first,13607,1614.1,0.1186,7.38,9.37,False,2026-01-29 03:27:30
75c32dcf,v1-balanced,19324,5175.4,0.2678,5.28,8.36,True,2026-01-20 03:33:09
72a3142e,v1-balanced,4721,772.39,0.1636,7.65,9.4,False,2026-01-13 21:05:57
0a276bc3,v1-balanced,4509,665.79,0.1477,7.25,6.77,False,2026-02-05 11:45:08
4ba06c85,v1-balanced,4296,1051.81,0.2448,6.03,7.51,False,2026-01-03 16:28:25
99088aea,v2-aesthetic-first,18627,931.35,0.05,9.17,8.26,False,2026-01-14 03:56:16
bb9f26ed,v1-balanced,8546,2292.93,0.2683,7.0,9.77,False,2026-01-25 14:46:59
0ec5cfe6,v2-aesthetic-first,15063,1213.38,0.0806,9.55,8.96,False,2026-01-15 02:19:35
d339813a,v1-balanced,14676,2240.64,0.1527,7.36,8.82,False,2026-02-08 02:36:55
b69c9e18,v2-aesthetic-first,12237,791.47,0.0647,7.68,6.77,False,2026-01-12 13:13:39
1210b4c5,v1-balanced,18403,4846.17,0.2633,5.15,6.69,True,2026-01-02 03:37:51
0faecc8a,v2-aesthetic-first,15994,799.7,0.05,8.99,8.76,True,2026-01-22 15:30:50
58e34be6,v2-aesthetic-first,14052,702.6,0.05,8.06,7.9,True,2026-01-28 21:20:29
8a9afeb1,v2-aesthetic-first,7461,373.05,0.05,9.1,7.24,False,2026-01-23 16:05:18
a6f7321b,v2-aesthetic-first,7232,818.06,0.1131,7.5,7.46,False,2026-02-09 15:38:37
51339e13,v3-profit-seeker,8179,2573.17,0.3146,3.64,5.35,False,2026-01-21 08:52:25
437dbd1b,v3-profit-seeker,16848,6275.77,0.3725,4.78,6.98,False,2026-01-04 18:57:12
757302aa,v2-aesthetic-first,18865,2395.64,0.127,8.44,9.98,True,2026-01-03 13:56:04
31a8b8d7,v3-profit-seeker,6350,2163.28,0.3407,4.54,9.41,False,2026-01-22 07:47:11
82b35bb9,v2-aesthetic-first,17686,1494.46,0.0845,8.6,8.77,False,2026-01-13 22:00:02
6fe16d8e,v1-balanced,17361,3111.37,0.1792,7.17,9.0,True,2026-02-06 20:20:22
c0bdc070,v2-aesthetic-first,9044,452.2,0.05,9.72,5.84,False,2026-01-22 00:07:50
462618ed,v2-aesthetic-first,17940,1863.43,0.1039,8.0,7.49,False,2026-01-11 23:46:16
1f138bf4,v2-aesthetic-first,6849,589.87,0.0861,9.22,9.91,True,2026-02-05 19:34:13
50e7c470,v3-profit-seeker,17158,5327.38,0.3105,6.78,7.23,False,2026-01-24 18:35:21
47cef090,v2-aesthetic-first,3305,335.06,0.1014,8.17,9.42,True,2026-02-02 01:20:34
04c50aea,v3-profit-seeker,8408,2638.35,0.3138,5.52,7.49,True,2026-01-04 03:01:19
2273991f,v2-aesthetic-first,17241,1155.91,0.067,8.7,8.58,True,2026-02-01 04:56:39
566d5c97,v1-balanced,16744,3468.05,0.2071,6.94,9.38,False,2026-01-31 08:47:13
f25baf5c,v3-profit-seeker,4244,1232.95,0.2905,5.84,8.89,True,2026-01-21 03:50:14
47d537b8,v3-profit-seeker,9591,3329.37,0.3471,5.92,7.4,False,2026-02-05 00:38:13
9eed7ead,v2-aesthetic-first,10791,833.93,0.0773,7.76,8.21,False,2026-01-30 18:27:42
a71e82a2,v1-balanced,17531,5070.1,0.2892,6.56,6.42,False,2026-01-24 02:34:43
e4ce75c4,v3-profit-seeker,15543,6341.29,0.408,3.96,7.59,True,2026-01-06 19:40:53
66fef81f,v2-aesthetic-first,13716,685.8,0.05,10.0,8.97,False,2026-01-02 21:05:29
dbf00d93,v1-balanced,9476,1005.56,0.1061,7.82,8.43,False,2026-01-24 09:18:32
a0deaae5,v1-balanced,12729,2868.5,0.2254,8.41,8.78,False,2026-01-06 04:06:52
3d1c7ccb,v3-profit-seeker,17673,4354.55,0.2464,8.38,9.33,False,2026-01-31 20:24:42
70a63a14,v1-balanced,13713,3538.81,0.2581,5.23,8.25,False,2026-01-13 08:19:42
4ef54e2f,v2-aesthetic-first,12374,808.91,0.0654,8.28,8.78,False,2026-01-03 19:37:32
0955bb9f,v2-aesthetic-first,10690,1091.07,0.1021,7.82,9.55,True,2026-01-15 10:58:20
79650e81,v3-profit-seeker,17817,6186.88,0.3472,6.19,9.16,False,2026-02-09 07:56:32
c1d338cd,v2-aesthetic-first,13943,1765.27,0.1266,7.57,6.71,False,2026-02-04 12:44:58
60ac848e,v3-profit-seeker,4790,1544.93,0.3225,5.75,7.07,False,2026-01-10 06:19:32
0fffc36b,v1-balanced,6285,797.0,0.1268,7.99,6.6,True,2026-01-18 14:50:26
22185ddc,v2-aesthetic-first,16480,2263.7,0.1374,8.46,9.27,False,2026-02-09 01:57:25
5e8727ad,v3-profit-seeker,14305,4006.36,0.2801,7.46,8.92,True,2026-01-03 16:46:58
d80c3a64,v2-aesthetic-first,14044,702.2,0.05,9.77,7.12,False,2026-01-26 03:38:32
bc8fb1e4,v1-balanced,9633,1454.04,0.1509,7.5,9.88,False,2026-01-22 08:43:17
9060e75d,v2-aesthetic-first,13862,1360.09,0.0981,8.36,9.07,True,2026-02-04 21:24:53
fbcfcf3b,v2-aesthetic-first,14022,701.1,0.05,9.12,7.63,True,2026-02-04 10:37:05
af72184b,v2-aesthetic-first,17163,2205.47,0.1285,8.92,8.46,False,2026-02-10 12:47:31
58e63e32,v3-profit-seeker,10196,2860.55,0.2806,6.17,9.13,False,2026-01-05 02:17:58
6134b6de,v3-profit-seeker,14672,6375.75,0.4346,3.26,7.24,True,2026-01-22 07:57:07
3b56df0a,v2-aesthetic-first,4105,205.25,0.05,8.99,8.35,False,2026-01-23 23:18:51
5abdbea2,v3-profit-seeker,7359,2421.53,0.3291,6.14,8.55,True,2026-01-06 12:46:42
43abf3d9,v3-profit-seeker,17554,5942.11,0.3385,6.04,9.02,False,2026-01-29 08:19:57
578c6c84,v1-balanced,4496,1032.06,0.2296,7.22,3.43,False,2026-01-23 14:49:02
21b47456,v2-aesthetic-first,6602,782.79,0.1186,7.82,7.03,False,2026-01-24 04:08:28
7f5b1d64,v2-aesthetic-first,12175,608.75,0.05,9.38,9.47,True,2026-01-22 09:46:31
217c9419,v2-aesthetic-first,15505,2018.37,0.1302,7.52,8.3,False,2026-01-12 03:41:07
29335dc1,v3-profit-seeker,18771,5954.67,0.3172,5.66,8.96,False,2026-01-27 09:03:59
40bf73b7,v3-profit-seeker,16429,5567.29,0.3389,5.03,5.59,False,2026-01-20 08:09:51
fe334dad,v3-profit-seeker,12141,3696.72,0.3045,6.41,8.26,False,2026-01-17 12:21:50
6dab7da7,v3-profit-seeker,16626,4401.6,0.2647,5.51,9.73,False,2026-01-12 00:48:02
ee872a82,v2-aesthetic-first,11168,558.4,0.05,9.29,9.5,True,2026-01-15 10:05:57
ecc70031,v2-aesthetic-first,10536,1242.17,0.1179,7.13,8.35,False,2026-02-10 01:01:53
ed885bcb,v1-balanced,10489,1471.35,0.1403,8.97,9.28,False,2026-01-08 20:07:20
29b7d398,v3-profit-seeker,8660,2912.07,0.3363,5.38,9.3,False,2026-01-19 21:54:26
c6b37b4e,v1-balanced,11421,1534.99,0.1344,8.12,9.76,False,2026-01-30 00:45:05
a33d612d,v1-balanced,4239,550.5,0.1299,9.45,6.25,True,2026-01-31 05:23:30
776c7149,v3-profit-seeker,15645,5783.6,0.3697,4.26,9.06,False,2026-01-31 12:41:58
54e9d2c3,v3-profit-seeker,10196,3270.53,0.3208,7.67,7.18,True,2026-01-31 23:13:13
ede43025,v3-profit-seeker,5081,1915.97,0.3771,2.58,9.44,True,2026-01-30 16:05:04
2628e75f,v1-balanced,3027,662.29,0.2188,6.46,4.77,False,2026-01-19 02:48:32
bd2dadf5,v2-aesthetic-first,4145,443.95,0.1071,8.24,7.53,False,2026-01-12 09:16:05
30664dbf,v1-balanced,13094,2816.59,0.2151,6.88,7.44,False,2026-01-14 05:43:48
9caae166,v3-profit-seeker,15629,5314.64,0.3401,5.94,7.74,False,2026-01-16 12:40:15
02b3b9f9,v3-profit-seeker,15626,5063.8,0.3241,5.01,9.96,False,2026-02-09 09:41:51
d7168453,v3-profit-seeker,18150,6648.14,0.3663,5.51,7.38,False,2026-01-02 17:16:28
edcc254f,v3-profit-seeker,5075,1567.56,0.3089,7.04,9.13,True,2026-01-17 19:36:26
d034f319,v1-balanced,12703,2907.13,0.2289,6.62,8.34,True,2026-02-07 17:26:16
6106675c,v1-balanced,7898,959.11,0.1214,8.1,8.47,False,2026-02-03 12:58:06
dac731e5,v3-profit-seeker,4365,1503.54,0.3445,6.43,8.44,True,2026-02-03 13:27:58
3d856f15,v3-profit-seeker,17511,7171.62,0.4095,4.36,7.02,False,2026-01-27 11:19:11
47a0cd2c,v3-profit-seeker,5445,1762.71,0.3237,4.6,6.02,True,2026-02-06 01:40:31
db4e1dc9,v3-profit-seeker,7935,2636.76,0.3323,4.48,9.01,False,2026-01-17 10:01:02
5cd1abc7,v1-balanced,4759,723.1,0.1519,8.02,9.49,False,2026-01-09 11:07:30
6fb5062a,v2-aesthetic-first,17941,2583.18,0.144,7.97,9.87,False,2026-01-16 08:43:52
f81bf0f1,v1-balanced,12401,3247.79,0.2619,6.48,8.23,False,2026-01-29 11:31:14
cca9a58a,v2-aesthetic-first,8485,649.99,0.0766,8.22,8.99,False,2026-01-12 05:44:28
686b8801,v2-aesthetic-first,18197,2189.69,0.1203,7.58,8.77,False,2026-01-29 00:53:11
59b98cc8,v2-aesthetic-first,13569,1707.97,0.1259,7.49,9.09,True,2026-02-07 23:31:00
93d5d57e,v2-aesthetic-first,10276,513.8,0.05,9.69,9.69,True,2026-01-28 18:46:38
ff374cc2,v1-balanced,3973,830.1,0.2089,8.3,9.0,False,2026-01-11 23:02:10
b11a9fcf,v1-balanced,12291,3280.44,0.2669,4.7,8.53,True,2026-01-23 06:40:18
d6e706d1,v2-aesthetic-first,13353,795.84,0.0596,8.61,6.75,False,2026-01-27 02:47:08
f564bf50,v1-balanced,5544,1309.36,0.2362,5.78,5.67,False,2026-01-08 10:11:26
0fc6e1ee,v1-balanced,19965,2755.82,0.138,8.94,8.9,False,2026-02-07 00:12:33
33b87d8f,v3-profit-seeker,9794,3354.31,0.3425,4.93,7.48,False,2026-01-08 15:01:51
f6cc650a,v3-profit-seeker,14218,4348.79,0.3059,4.73,9.18,False,2026-01-11 20:55:30
e89c06eb,v3-profit-seeker,4369,1429.96,0.3273,5.67,9.47,False,2026-01-15 04:44:27
dd66e85b,v2-aesthetic-first,12887,1927.74,0.1496,7.84,9.53,True,2026-01-28 17:19:14
0ff26e21,v2-aesthetic-first,8683,434.15,0.05,10.0,9.41,False,2026-01-27 01:08:09
8db89756,v2-aesthetic-first,5755,295.57,0.0514,10.0,1.55,True,2026-01-01 23:11:20
24ee7dba,v3-profit-seeker,6033,1645.16,0.2727,7.27,8.72,True,2026-01-23 17:19:45
81effc39,v3-profit-seeker,5699,1694.88,0.2974,6.53,9.82,False,2026-01-31 08:26:10
69630f78,v2-aesthetic-first,10499,953.81,0.0908,7.56,9.49,True,2026-01-21 04:04:08
65597469,v2-aesthetic-first,15072,1272.84,0.0845,8.83,9.08,True,2026-01-08 14:33:12
6ea3b1bc,v2-aesthetic-first,10655,870.69,0.0817,9.05,8.99,False,2026-01-26 06:05:58
18a3ba55,v2-aesthetic-first,8771,593.79,0.0677,8.46,9.55,True,2026-01-25 12:09:38
7205dcef,v2-aesthetic-first,18105,2123.3,0.1173,7.84,9.11,False,2026-01-10 07:16:40
d4255b08,v1-balanced,12573,2749.44,0.2187,6.25,7.96,False,2026-01-01 06:21:17
41d265a8,v1-balanced,3658,307.84,0.0842,8.25,9.78,False,2026-01-07 02:15:22
e93abb40,v3-profit-seeker,17156,5936.86,0.3461,5.11,9.29,False,2026-01-04 07:22:41
a3fdd44a,v1-balanced,10503,1973.5,0.1879,7.26,8.11,False,2026-02-05 11:26:23
c1a7e649,v2-aesthetic-first,11897,955.16,0.0803,7.7,8.69,True,2026-02-02 06:18:43
e54e45a3,v3-profit-seeker,3921,1148.5,0.2929,5.54,9.4,False,2026-02-03 19:53:48
eacefdf5,v3-profit-seeker,17551,6277.14,0.3577,3.42,7.31,False,2026-02-08 05:22:48
de745184,v3-profit-seeker,12082,4878.4,0.4038,4.51,8.82,False,2026-01-17 06:14:21
2b4cce08,v3-profit-seeker,12035,4142.21,0.3442,5.82,8.46,True,2026-01-12 15:21:44
c461e20e,v1-balanced,9850,1735.52,0.1762,7.11,6.27,True,2026-01-28 05:40:58
b2746d6f,v2-aesthetic-first,9029,599.55,0.0664,8.78,9.45,False,2026-01-23 11:46:09
267707c2,v1-balanced,15218,1614.78,0.1061,8.65,8.05,True,2026-01-24 19:17:30
fe288f30,v1-balanced,6654,880.44,0.1323,8.56,5.81,True,2026-01-18 11:34:01
30f931bb,v3-profit-seeker,18773,4952.91,0.2638,6.58,5.34,True,2026-01-04 03:54:51
bc245b7f,v3-profit-seeker,17486,7288.86,0.4168,4.83,8.62,True,2026-01-30 07:38:56
472fa8af,v1-balanced,5157,1050.13,0.2036,8.0,9.02,True,2026-01-15 09:53:40
63732684,v2-aesthetic-first,13040,652.0,0.05,9.85,8.42,True,2026-01-03 16:34:38
4e117818,v2-aesthetic-first,5631,330.0,0.0586,8.77,8.86,True,2026-01-09 11:54:56
342d6904,v3-profit-seeker,17604,4780.7,0.2716,7.52,9.43,False,2026-02-09 16:39:02
c8f2c932,v1-balanced,17449,4374.82,0.2507,6.56,9.55,False,2026-02-05 19:01:11
e49a79c3,v3-profit-seeker,14929,5554.89,0.3721,4.49,8.55,False,2026-01-10 01:55:02
fc05b138,v1-balanced,4603,801.73,0.1742,8.04,9.28,True,2026-01-15 04:09:54
1be2bdd5,v2-aesthetic-first,10550,623.92,0.0591,9.06,6.98,True,2026-01-14 04:01:09
1440ef37,v2-aesthetic-first,9746,1047.4,0.1075,6.51,9.78,True,2026-01-17 08:22:43
174926f7,v3-profit-seeker,9182,3303.27,0.3598,4.24,9.59,False,2026-02-01 02:01:23
f9011e6d,v2-aesthetic-first,8393,419.65,0.05,8.54,8.9,True,2026-01-17 12:53:48
3c65c952,v1-balanced,17538,4009.95,0.2286,7.37,8.9,True,2026-02-02 20:02:41
0c02931d,v1-balanced,12222,2829.23,0.2315,6.01,9.46,False,2026-01-06 19:50:45
59b13d1a,v1-balanced,12515,1995.09,0.1594,7.25,8.62,False,2026-01-30 18:52:55
9daa4c72,v2-aesthetic-first,16850,1786.36,0.106,8.14,7.29,True,2026-01-29 11:04:02
73e6a952,v2-aesthetic-first,17022,1747.4,0.1027,8.11,9.96,False,2026-02-02 13:40:30
ccf38f75,v3-profit-seeker,12409,4134.68,0.3332,4.74,7.12,False,2026-01-05 15:02:26
54cc53d4,v3-profit-seeker,13513,3784.47,0.2801,6.48,5.97,False,2026-01-31 14:40:59
d024b4d3,v1-balanced,3173,632.87,0.1995,6.15,6.92,False,2026-01-09 08:08:36
aec4951c,v3-profit-seeker,16904,5194.6,0.3073,5.25,9.55,True,2026-02-04 03:57:15
15e906b6,v2-aesthetic-first,14881,2357.95,0.1585,6.87,9.98,False,2026-01-09 01:08:19
f717bdd3,v2-aesthetic-first,6790,339.5,0.05,8.86,8.11,False,2026-01-24 10:42:46
8e0a07c6,v2-aesthetic-first,3108,208.9,0.0672,8.94,8.34,False,2026-02-06 06:07:08
0f192626,v2-aesthetic-first,4738,554.24,0.117,7.4,5.59,False,2026-01-13 07:46:11
a1ad9a93,v1-balanced,17148,3291.22,0.1919,7.56,9.31,False,2026-01-22 05:41:20
6d955422,v2-aesthetic-first,3039,318.62,0.1048,8.65,9.6,True,2026-01-22 02:22:02
0f6a3160,v3-profit-seeker,9694,3993.26,0.4119,4.26,6.85,False,2026-01-01 22:59:41
bf44a465,v2-aesthetic-first,7275,547.32,0.0752,8.65,8.54,True,2026-02-03 20:37:24
7c703437,v1-balanced,18722,4051.23,0.2164,6.02,8.24,False,2026-01-30 07:45:01
3ffb00bf,v2-aesthetic-first,5608,489.55,0.0873,8.92,8.08,True,2026-02-08 20:58:49
6af7f8fc,v3-profit-seeker,5954,2070.48,0.3477,4.19,9.3,False,2026-02-06 11:03:46
af239842,v3-profit-seeker,10045,2770.42,0.2758,6.09,9.0,False,2026-01-13 10:28:23
88a0d2b9,v2-aesthetic-first,11198,952.77,0.0851,8.1,9.65,False,2026-01-22 07:18:30
3802ebb7,v2-aesthetic-first,14153,2054.62,0.1452,6.9,9.65,True,2026-01-19 07:22:18
a7d81e8f,v3-profit-seeker,6404,2155.18,0.3365,5.91,6.96,False,2026-01-10 23:18:18
09661c12,v3-profit-seeker,13712,5009.22,0.3653,4.93,9.47,True,2026-02-08 16:07:44
5f259622,v1-balanced,4977,1345.51,0.2703,6.23,9.07,False,2026-01-01 16:20:07
d979757a,v1-balanced,10613,3271.08,0.3082,4.75,6.1,False,2026-02-05 22:02:35
24c2d10a,v2-aesthetic-first,19362,968.1,0.05,8.14,7.98,False,2026-01-11 09:42:08
8c9a1947,v2-aesthetic-first,15061,2118.21,0.1406,8.2,9.09,False,2026-02-04 03:29:40
d188dc2d,v1-balanced,10353,1973.0,0.1906,7.5,7.18,False,2026-01-28 08:57:11
c177f028,v3-profit-seeker,17621,5624.11,0.3192,4.8,7.97,False,2026-02-03 12:37:00
d64fd8ac,v1-balanced,19845,3731.59,0.188,7.28,5.91,True,2026-01-30 12:37:18
8917a641,v2-aesthetic-first,19649,992.89,0.0505,8.47,8.03,False,2026-01-16 15:52:17
aa24e27d,v1-balanced,5379,1286.75,0.2392,8.17,9.62,False,2026-01-01 03:04:10
0d38aa93,v2-aesthetic-first,7113,694.67,0.0977,8.69,8.82,False,2026-02-05 00:12:16
420e5b78,v3-profit-seeker,8179,2962.83,0.3622,5.38,7.36,False,2026-01-17 14:52:55
97c127c9,v1-balanced,12070,2507.39,0.2077,5.99,8.17,False,2026-02-09 12:05:34
6c5967af,v3-profit-seeker,12721,4069.07,0.3199,6.27,7.52,True,2026-01-17 21:55:34
f234cd50,v2-aesthetic-first,16179,1784.26,0.1103,8.24,9.28,True,2026-01-13 10:06:51
7d034cfc,v2-aesthetic-first,8511,521.45,0.0613,8.98,9.12,False,2026-01-15 04:12:21
52371e90,v1-balanced,9070,2029.32,0.2237,7.01,8.55,False,2026-01-26 14:58:12
5b4ea9bb,v1-balanced,15798,3785.58,0.2396,7.05,8.65,False,2026-02-06 03:03:54
69930b52,v1-balanced,9206,1763.31,0.1915,6.82,9.19,False,2026-01-07 07:11:03
435e51a9,v3-profit-seeker,9012,2967.88,0.3293,4.54,7.28,True,2026-01-18 19:11:14
535a2c36,v1-balanced,7310,1066.83,0.1459,8.83,9.46,True,2026-01-18 20:26:28
5b9e2608,v3-profit-seeker,8215,3095.21,0.3768,3.31,9.01,False,2026-02-08 02:15:09
e5d8a8dd,v3-profit-seeker,12241,5011.24,0.4094,4.52,7.26,False,2026-01-27 12:35:59
2569ba4f,v2-aesthetic-first,8936,719.54,0.0805,8.11,6.34,False,2026-01-26 19:39:27
9bd8711f,v2-aesthetic-first,6449,322.45,0.05,8.67,9.96,False,2026-01-12 01:12:12
fad0ab6d,v2-aesthetic-first,12462,1237.61,0.0993,8.76,9.85,False,2026-02-08 01:20:35
9007f77e,v2-aesthetic-first,6543,569.46,0.087,8.06,9.61,False,2026-01-15 02:44:40
3fd02039,v3-profit-seeker,8155,2793.87,0.3426,4.62,9.23,False,2026-01-02 01:29:25
9102fe09,v2-aesthetic-first,8250,567.15,0.0687,7.96,8.65,False,2026-01-30 02:38:09
dfe7ea86,v2-aesthetic-first,7213,360.65,0.05,9.2,5.93,True,2026-01-18 05:27:42
e21172f7,v2-aesthetic-first,12806,640.3,0.05,9.44,8.21,True,2026-01-29 09:09:23
9283992e,v2-aesthetic-first,9309,816.79,0.0877,8.21,9.37,False,2026-01-01 19:38:10
df5c2484,v2-aesthetic-first,6246,463.57,0.0742,8.43,9.34,False,2026-02-08 00:44:04
714a8935,v1-balanced,11429,2008.85,0.1758,6.99,8.65,True,2026-01-20 22:54:43
f4099817,v1-balanced,19799,3991.04,0.2016,7.11,8.05,False,2026-01-21 20:12:11
e3b8d2c4,v3-profit-seeker,3749,1195.71,0.3189,5.38,9.63,False,2026-01-27 09:11:58
14bd1470,v1-balanced,6750,1477.07,0.2188,6.82,9.12,False,2026-02-09 03:33:02
fe9e3302,v3-profit-seeker,9559,3313.54,0.3466,4.88,6.93,False,2026-01-03 02:47:24
1a602891,v3-profit-seeker,10114,2640.26,0.2611,6.33,9.2,True,2026-01-16 00:36:44
a12a6745,v3-profit-seeker,4345,1380.24,0.3177,4.73,7.61,False,2026-01-14 23:09:48
34928917,v3-profit-seeker,13635,4854.7,0.356,5.56,8.52,False,2026-01-01 00:02:09
0c692076,v1-balanced,19454,6185.16,0.3179,5.79,9.23,False,2026-01-11 00:04:42
760f3362,v3-profit-seeker,10726,4393.19,0.4096,2.64,9.23,False,2026-01-21 14:01:05
046674f2,v3-profit-seeker,14860,4555.55,0.3066,7.19,6.89,True,2026-01-05 09:13:34
8098fd09,v2-aesthetic-first,19982,1039.92,0.052,8.43,8.6,False,2026-01-24 23:08:30
6dfcec0b,v1-balanced,3528,641.64,0.1819,7.13,9.51,False,2026-01-04 16:18:35
e2d15e92,v2-aesthetic-first,4774,504.06,0.1056,7.09,7.91,True,2026-01-05 23:41:01
f9a9ec90,v3-profit-seeker,14756,3602.14,0.2441,7.51,7.95,False,2026-01-15 07:12:36
54a418f4,v3-profit-seeker,16307,4948.96,0.3035,6.69,9.11,False,2026-02-01 01:08:17
902bd924,v3-profit-seeker,3073,993.53,0.3233,5.43,9.77,False,2026-01-25 14:47:44
c1aa14d4,v2-aesthetic-first,3519,273.1,0.0776,9.34,8.71,False,2026-02-02 03:00:47
328c3238,v3-profit-seeker,6240,2033.22,0.3258,6.14,9.65,True,2026-01-29 14:19:16
c62a96cb,v3-profit-seeker,13513,5147.8,0.381,3.53,9.79,False,2026-02-02 05:24:33
0b000b5f,v2-aesthetic-first,18304,1485.0,0.0811,7.81,8.47,False,2026-02-07 17:17:23
94040013,v3-profit-seeker,12969,3250.79,0.2507,6.78,7.84,True,2026-02-10 11:16:00
04241c20,v1-balanced,7588,1563.61,0.2061,5.96,8.95,False,2026-02-05 19:58:46
65ad3673,v2-aesthetic-first,4655,232.75,0.05,8.28,9.34,True,2026-01-03 00:35:20
dd15338e,v2-aesthetic-first,14058,1598.55,0.1137,8.39,6.37,True,2026-01-31 07:59:37
3c449e62,v2-aesthetic-first,16396,819.8,0.05,8.33,5.54,True,2026-01-03 18:40:58
b280a04f,v1-balanced,19917,4333.27,0.2176,7.26,7.51,False,2026-01-27 17:04:19
8855c0b4,v2-aesthetic-first,16832,841.6,0.05,9.58,8.17,True,2026-01-15 14:04:41
d973f556,v2-aesthetic-first,18313,915.65,0.05,8.74,9.59,False,2026-02-07 05:36:15
6e1bc8fb,v2-aesthetic-first,6310,704.13,0.1116,8.48,8.49,True,2026-01-15 22:46:16
30249f6b,v3-profit-seeker,19309,5300.39,0.2745,6.79,9.14,True,2026-02-02 22:31:47
65a78798,v2-aesthetic-first,9424,471.2,0.05,9.15,9.04,False,2026-01-24 22:57:36
70cd820f,v3-profit-seeker,5736,1552.99,0.2707,5.37,9.66,False,2026-01-29 01:57:41
26cc9f39,v3-profit-seeker,17234,6267.18,0.3637,4.94,8.12,True,2026-01-10 02:26:50
529cc81b,v3-profit-seeker,14816,4114.45,0.2777,6.12,9.41,False,2026-01-13 01:48:45
7551dc32,v3-profit-seeker,7520,2293.3,0.305,5.26,7.79,False,2026-01-15 21:41:32
29f1311b,v3-profit-seeker,15452,5314.55,0.3439,5.25,7.84,False,2026-01-01 00:44:01
3bb7a180,v3-profit-seeker,10635,2968.42,0.2791,6.43,8.32,False,2026-01-12 21:58:49
4e15f0fa,v2-aesthetic-first,7911,496.93,0.0628,7.4,8.26,True,2026-01-03 09:41:00
9e27d971,v2-aesthetic-first,9422,471.1,0.05,9.65,9.24,False,2026-01-09 01:23:16
d4b65838,v1-balanced,9662,1227.09,0.127,8.46,9.99,True,2026-01-13 17:41:06
18d8b858,v2-aesthetic-first,10140,1016.24,0.1002,8.15,8.13,False,2026-01-01 13:26:05
e2bcae0b,v2-aesthetic-first,13195,1387.36,0.1051,7.95,8.41,False,2026-01-02 04:34:53
40d9aefa,v3-profit-seeker,5377,1766.81,0.3286,5.88,8.31,False,2026-01-30 11:57:52
8c219317,v3-profit-seeker,11953,3734.73,0.3125,5.12,7.7,False,2026-01-13 09:25:09
c9e7c956,v2-aesthetic-first,14331,2290.29,0.1598,7.42,5.15,False,2026-01-19 06:01:56
90541406,v1-balanced,6505,1290.7,0.1984,6.33,8.69,False,2026-01-29 01:20:53
8fbce2a8,v1-balanced,10504,2096.69,0.1996,7.01,8.89,True,2026-01-25 01:44:12
063dae69,v3-profit-seeker,5548,2110.25,0.3804,4.93,10.0,False,2026-01-24 23:05:29
62fcace7,v2-aesthetic-first,19442,972.1,0.05,8.49,9.89,True,2026-01-12 09:43:22
be927eb9,v3-profit-seeker,8794,2301.89,0.2618,6.78,7.15,False,2026-02-07 07:17:29
3d940fc2,v1-balanced,14093,2075.5,0.1473,7.96,6.61,False,2026-01-12 07:34:41
1dfaae1a,v2-aesthetic-first,13356,956.53,0.0716,9.14,8.01,False,2026-01-18 05:53:10
fc819362,v2-aesthetic-first,16044,1939.73,0.1209,7.8,8.58,True,2026-02-06 04:50:44
ae7ddcd2,v3-profit-seeker,6147,2222.85,0.3616,4.17,7.13,True,2026-01-23 00:27:49
da2f2f48,v2-aesthetic-first,15999,1058.59,0.0662,8.97,9.57,False,2026-01-19 01:42:49
13ee077d,v1-balanced,12784,1877.79,0.1469,9.33,9.79,False,2026-01-23 05:32:10
2dc283ce,v3-profit-seeker,17510,6749.56,0.3855,3.45,9.76,False,2026-01-26 07:19:21
db103ef0,v2-aesthetic-first,10407,520.35,0.05,9.83,8.62,False,2026-01-31 05:09:54
1f1fd8a3,v1-balanced,5037,1422.17,0.2823,6.02,9.92,False,2026-01-24 01:15:05
3ea2d14c,v1-balanced,4845,1062.02,0.2192,6.11,8.68,True,2026-01-16 21:24:43
b8815ba0,v1-balanced,14336,2953.08,0.206,8.17,9.81,False,2026-01-29 03:42:57
62eefa69,v2-aesthetic-first,4935,358.4,0.0726,7.53,8.88,False,2026-01-12 10:01:22
17385b38,v2-aesthetic-first,4326,308.67,0.0714,7.27,9.4,False,2026-01-20 13:52:56
c003b3e5,v2-aesthetic-first,4528,306.94,0.0678,8.88,4.96,True,2026-01-27 09:24:17
dac6dc9f,v1-balanced,12639,1991.65,0.1576,8.72,8.09,True,2026-01-06 13:44:03
6bb70668,v3-profit-seeker,9712,2487.74,0.2562,6.27,7.44,False,2026-02-01 08:21:01
8f8888f5,v2-aesthetic-first,11197,1012.31,0.0904,7.04,5.88,False,2026-01-11 05:39:12
fdc7a580,v2-aesthetic-first,15231,1399.53,0.0919,8.46,9.86,True,2026-01-27 09:17:02
9e9948c5,v1-balanced,10927,2495.68,0.2284,6.4,9.34,False,2026-01-02 04:00:54
bfa8c3b9,v2-aesthetic-first,4733,236.65,0.05,8.84,9.26,False,2026-02-09 07:07:27
7fe5c59f,v3-profit-seeker,19220,5984.58,0.3114,5.78,8.08,False,2026-01-21 03:32:10
dcd1edea,v1-balanced,18166,4334.39,0.2386,8.35,9.32,False,2026-02-05 00:58:20
2cc45821,v2-aesthetic-first,7679,940.76,0.1225,8.41,8.26,False,2026-01-09 08:49:37
608f8f1c,v1-balanced,17934,2244.88,0.1252,7.92,8.15,False,2026-01-28 03:59:18
b475cefd,v3-profit-seeker,8577,3015.19,0.3515,5.38,9.19,False,2026-01-06 12:19:48
5b2cc9b5,v3-profit-seeker,11590,3450.67,0.2977,6.81,8.29,True,2026-01-02 09:22:28
abfa53ba,v1-balanced,18991,3134.41,0.165,7.37,7.02,False,2026-01-08 01:48:09
63593d3c,v3-profit-seeker,16344,4534.6,0.2774,6.64,8.37,False,2026-01-13 12:40:45
ee429768,v3-profit-seeker,6496,1907.44,0.2936,5.86,6.29,True,2026-01-22 08:52:25
c2cf2c79,v3-profit-seeker,18444,7077.19,0.3837,3.96,8.71,False,2026-01-26 14:03:46
de596d74,v1-balanced,12742,1929.03,0.1514,7.49,9.87,True,2026-01-09 23:12:14
